{
    "gpt2_209m": {
        "0": 0.16833380986355617,
        "1": 0.17214474818639758,
        "2": 0.1672122767794779,
        "3": 0.17008422443009327,
        "4": 0.15413923328621876,
        "5": 0.15829351353253102,
        "6": 0.15344041632660277,
        "7": 0.1523668536297015,
        "8": 0.14690916955551847,
        "9": 0.16385696955651674,
        "10": 0.14728893382291633,
        "11": 0.15038859925694287,
        "12": 0.14909797576500172,
        "13": 0.14960135779064998,
        "14": 0.15168562787795384,
        "15": 0.14431308036846754,
        "16": 0.14671577571595387,
        "17": 0.15577495738164712,
        "18": 0.15059668666716128,
        "19": 0.15021774355395007,
        "20": 0.15513575155460987,
        "21": 0.15448421333926055,
        "22": 0.1566866953508178,
        "23": 0.15392036405646253,
        "24": 0.1571075511962213,
        "25": 0.15257316672998233,
        "26": 0.15649889435281472,
        "27": 0.15774353117546158,
        "28": 0.1625301249684095,
        "29": 0.1627706450454369,
        "30": 0.1589979243380063,
        "31": 0.15888381313150035,
        "32": 0.15965576875483098,
        "33": 0.16140830923775845,
        "34": 0.16235448555394238,
        "35": 0.16465468525352447,
        "36": 0.16406302031764702,
        "37": 0.16211173473749452,
        "38": 0.1635484186739135,
        "39": 0.16120247602837026,
        "40": 0.16127191031095686,
        "41": 0.16042355882081996
    },
    "gpt2_355m": {
        "0": 0.17037750899843732,
        "1": 0.17832513417161572,
        "2": 0.17622593070415832,
        "3": 0.1706014184434757,
        "4": 0.15924291397462947,
        "5": 0.15997188278738492,
        "6": 0.15917243637463038,
        "7": 0.15430395731923935,
        "8": 0.15705817709423198,
        "9": 0.1580954350871809,
        "10": 0.1570112734585003,
        "11": 0.15610133485601382,
        "12": 0.15306429771389138,
        "13": 0.1541770185638707,
        "14": 0.15814506242491488,
        "15": 0.15002394717534417,
        "16": 0.1565373729090845,
        "17": 0.1615624242830586,
        "18": 0.1650872228709606,
        "19": 0.1617295524752995,
        "20": 0.1632060883118067,
        "21": 0.1608563211643917,
        "22": 0.16597087455495368,
        "23": 0.16541882210447398,
        "24": 0.16779043021049433,
        "25": 0.1643325687174214,
        "26": 0.16639750880386495,
        "27": 0.17206013333633818,
        "28": 0.17275495455944295,
        "29": 0.1744442186602084,
        "30": 0.17514880400766972,
        "31": 0.17212394833826386,
        "32": 0.17402674228452666,
        "33": 0.17324176015575093,
        "34": 0.17643352519923722,
        "35": 0.1791098298217694,
        "36": 0.18224820277435122,
        "37": 0.17624136860243017,
        "38": 0.1797870373059991,
        "39": 0.17740919337538022,
        "40": 0.17636873110084486,
        "41": 0.17593416618240415
    },
    "mamba2_172m": {
        "0": 0.1359306412240259,
        "1": 0.12380476288201642,
        "2": 0.12399161163193076,
        "3": 0.11829849952633668,
        "4": 0.11594949685559239,
        "5": 0.13218151820363178,
        "6": 0.14064198389228433,
        "7": 0.1342625033748763,
        "8": 0.1438609978248934,
        "9": 0.1425365820376384,
        "10": 0.1472505995862585,
        "11": 0.14981447552959998,
        "12": 0.14287416870127245,
        "13": 0.14869141901140726,
        "14": 0.14541988134349745,
        "15": 0.14156868735099049,
        "16": 0.14468143902907732,
        "17": 0.15167554484687032,
        "18": 0.14630024893948199,
        "19": 0.14569326073510985,
        "20": 0.149373336056892,
        "21": 0.14890809852690187,
        "22": 0.15121072115873685,
        "23": 0.1527487689263611,
        "24": 0.1571157399542898,
        "25": 0.1534986124218987,
        "26": 0.1580037635628018,
        "27": 0.15274811336913663,
        "28": 0.15447590285494509,
        "29": 0.1567434552701485,
        "30": 0.15489730601837323,
        "31": 0.1601700941662827,
        "32": 0.1627456671810785,
        "33": 0.16231711414679637,
        "34": 0.1630635908787082,
        "35": 0.16203626105731075,
        "36": 0.16379341004927075,
        "37": 0.16211714046926246,
        "38": 0.16316137592998547,
        "39": 0.16179436765598332,
        "40": 0.16188004477254522,
        "41": 0.16103855579487275
    },
    "mamba2_432m": {
        "0": 0.1526061238185007,
        "1": 0.16949745996561577,
        "2": 0.16588597991230053,
        "3": 0.16448215429317972,
        "4": 0.15813830175506416,
        "5": 0.1585793695218107,
        "6": 0.1598911978308842,
        "7": 0.15105429412817456,
        "8": 0.1607708170443132,
        "9": 0.15810129165498105,
        "10": 0.15336352760739108,
        "11": 0.15372995600329678,
        "12": 0.15495517624989666,
        "13": 0.15747817325351748,
        "14": 0.1538864756921181,
        "15": 0.15305589154086738,
        "16": 0.15623761008445977,
        "17": 0.16381777725140972,
        "18": 0.16211384902507714,
        "19": 0.1647459004656615,
        "20": 0.16797702794047137,
        "21": 0.16657637332085862,
        "22": 0.16805585582955893,
        "23": 0.1695386111170603,
        "24": 0.17016630496233928,
        "25": 0.16896826662653897,
        "26": 0.17784640962476986,
        "27": 0.1743621678859543,
        "28": 0.1779661694697413,
        "29": 0.18559334654643395,
        "30": 0.18292098160107037,
        "31": 0.18125281448823405,
        "32": 0.18725092614117889,
        "33": 0.18593960513015537,
        "34": 0.1862017118669094,
        "35": 0.188951568884134,
        "36": 0.18990373906571173,
        "37": 0.18853979384516906,
        "38": 0.1875356160080977,
        "39": 0.18797850285557668,
        "40": 0.18643735637923392,
        "41": 0.1865506550311662
    },
    "xlstm_247m": {
        "0": 0.15488660889604153,
        "1": 0.15753442321942984,
        "2": 0.16770047172522143,
        "3": 0.15684308706348601,
        "4": 0.14012848603070374,
        "5": 0.1498120605013398,
        "6": 0.15401694269665644,
        "7": 0.15084223321761958,
        "8": 0.14790440589491646,
        "9": 0.1520908118283531,
        "10": 0.1396388146356988,
        "11": 0.147819442326231,
        "12": 0.14096070863177348,
        "13": 0.1483000891550025,
        "14": 0.14963141380743367,
        "15": 0.14704331841304702,
        "16": 0.14797978601285083,
        "17": 0.14853513329735007,
        "18": 0.15003235441544016,
        "19": 0.14505530066820443,
        "20": 0.1552390332825993,
        "21": 0.1426976990763524,
        "22": 0.15238749724140233,
        "23": 0.15054417172466436,
        "24": 0.14969088278032944,
        "25": 0.15434302530171057,
        "26": 0.15545775841746493,
        "27": 0.15331560808850483,
        "28": 0.15146037360656436,
        "29": 0.15764324268049112,
        "30": 0.15625152420953084,
        "31": 0.16066292190958964,
        "32": 0.1570424248637042,
        "33": 0.16045748201265805,
        "34": 0.1566323457767801,
        "35": 0.1608555699900406,
        "36": 0.16191233463099855,
        "37": 0.15917829816720827,
        "38": 0.15995585331900233,
        "39": 0.15736119977860438,
        "40": 0.15756230921231057,
        "41": 0.15617510822021577
    },
    "xlstm_406m": {
        "0": 0.17348900410138804,
        "1": 0.17087837431048494,
        "2": 0.1675932817686054,
        "3": 0.16510196821907655,
        "4": 0.15127958339847253,
        "5": 0.1515587102208956,
        "6": 0.16302159902149663,
        "7": 0.15437779118057354,
        "8": 0.15726418394380734,
        "9": 0.16458432667509543,
        "10": 0.15032357301468022,
        "11": 0.15235634480831564,
        "12": 0.1538360611280687,
        "13": 0.15699997676062005,
        "14": 0.16007146998127053,
        "15": 0.15284958853307032,
        "16": 0.14852838901597443,