{
    "Accuracy": {
        "0.8_12_0.2": {
            "gpt2_209m": {
                "on_split": 0.234,
                "total": 0.280817488035183
            },
            "gpt2_355m": {
                "on_split": 0.259,
                "total": 0.30487647134911394
            },
            "mamba2_172m": {
                "on_split": 0.246,
                "total": 0.2865088604320269
            },
            "mamba2_432m": {
                "on_split": 0.279,
                "total": 0.3213038416763679
            },
            "xlstm_247m": {
                "on_split": 0.245,
                "total": 0.28120553615314964
            },
            "xlstm_406m": {
                "on_split": 0.258,
                "total": 0.30759280817488033
            },
            "llama_208m": {
                "on_split": 0.258,
                "total": 0.3108265424912689
            },
            "llama_360m": {
                "on_split": 0.296,
                "total": 0.3440693312637434
            }
        },
        "0.2_12_0.8": {
            "gpt2_209m": {
                "on_split": 0.334,
                "total": 0.280817488035183
            },
            "gpt2_355m": {
                "on_split": 0.369,
                "total": 0.30487647134911394
            },
            "mamba2_172m": {
                "on_split": 0.341,
                "total": 0.2865088604320269
            },
            "mamba2_432m": {
                "on_split": 0.376,
                "total": 0.3213038416763679
            },
            "xlstm_247m": {
                "on_split": 0.338,
                "total": 0.28120553615314964
            },
            "xlstm_406m": {
                "on_split": 0.385,
                "total": 0.30759280817488033
            },
            "llama_208m": {
                "on_split": 0.376,
                "total": 0.3108265424912689
            },
            "llama_360m": {
                "on_split": 0.388,
                "total": 0.3440693312637434
            }
        }
    },
    "WASB": {
        "0.8_12_0.2": {
            "gpt2_209m": {
                "on_split": 0.22626465684379726,
                "total": 0.21850986775819833
            },
            "gpt2_355m": {
                "on_split": 0.24846905974870548,
                "total": 0.24032874500797205
            },
            "mamba2_172m": {
                "on_split": 0.2375586296815277,
                "total": 0.22965220409231096
            },
            "mamba2_432m": {
                "on_split": 0.2774004387882244,
                "total": 0.26236920291830307
            },
            "xlstm_247m": {
                "on_split": 0.2352995983308196,
                "total": 0.21791785891800347
            },
            "xlstm_406m": {
                "on_split": 0.25762571867492146,
                "total": 0.24253638742132502
            },
            "llama_208m": {
                "on_split": 0.2509520675989077,
                "total": 0.24183835773851492
            },
            "llama_360m": {
                "on_split": 0.28754179234195004,
                "total": 0.2796988044230999
            }
        },
        "0.2_12_0.8": {
            "gpt2_209m": {
                "on_split": 0.22457620742349033,
                "total": 0.21850986775819833
            },
            "gpt2_355m": {
                "on_split": 0.24277678990419696,
                "total": 0.24032874500797205
            },
            "mamba2_172m": {
                "on_split": 0.21269513815792068,
                "total": 0.22965220409231096
            },
            "mamba2_432m": {
                "on_split": 0.2373529016678655,
                "total": 0.26236920291830307
            },
            "xlstm_247m": {
                "on_split": 0.22485132530074936,
                "total": 0.21791785891800347
            },
            "xlstm_406m": {
                "on_split": 0.24947660519211512,
                "total": 0.24253638742132502
            },
            "llama_208m": {
                "on_split": 0.2448278995648075,
                "total": 0.24183835773851492
            },
            "llama_360m": {
                "on_split": 0.24548583906231022,
                "total": 0.2796988044230999
            }
        }
    },
    "α": {
        "0.8_12_0.2": {
            "gpt2_209m": {
                "on_split": 0.08338763347272939,
                "total": 0.08430039317718394
            },
            "gpt2_355m": {
                "on_split": 0.10109366554825595,
                "total": 0.09810467693283063
            },
            "mamba2_172m": {
                "on_split": 0.08768869820260893,
                "total": 0.0869815947208172
            },
            "mamba2_432m": {
                "on_split": 0.11015352250210157,
                "total": 0.10639820113451709
            },
            "xlstm_247m": {
                "on_split": 0.0877942241191419,
                "total": 0.08668778001473744
            },
            "xlstm_406m": {
                "on_split": 0.09776048694601654,
                "total": 0.10020137912743446
            },
            "llama_208m": {
                "on_split": 0.09832813064621442,
                "total": 0.1034825812259786
            },
            "llama_360m": {
                "on_split": 0.12544588082223943,
                "total": 0.12063013213946207
            }
        },
        "0.2_12_0.8": {
            "gpt2_209m": {
                "on_split": 0.08246873040878709,
                "total": 0.08430039317718394
            },
            "gpt2_355m": {
                "on_split": 0.10139350333546533,
                "total": 0.09810467693283063
            },
            "mamba2_172m": {
                "on_split": 0.08672805916558386,
                "total": 0.0869815947208172
            },
            "mamba2_432m": {
                "on_split": 0.10344467326572934,
                "total": 0.10639820113451709
            },
            "xlstm_247m": {
                "on_split": 0.0850907915700695,
                "total": 0.08668778001473744
            },
            "xlstm_406m": {
                "on_split": 0.10894393123391007,
                "total": 0.10020137912743446
            },
            "llama_208m": {
                "on_split": 0.10358774546374269,
                "total": 0.1034825812259786
            },
            "llama_360m": {
                "on_split": 0.11164818986973625,
                "total": 0.12063013213946207
            }
        }
    }
}