{
    "gpt2_209m": {
        "0": 0.11078960774706244,
        "1": 0.12178716395471972,
        "2": 0.1208003899996916,
        "3": 0.13111531108724225,
        "4": 0.12220310233873298,
        "5": 0.1266691051874922,
        "6": 0.1256358102497352,
        "7": 0.12229674857274575,
        "8": 0.11946274078296747,
        "9": 0.1367546371061839,
        "10": 0.12327694264848528,
        "11": 0.12652997858186435,
        "12": 0.12728404512271196,
        "13": 0.12864642959356606,
        "14": 0.13091951875675129,
        "15": 0.1269946824750948,
        "16": 0.12878876315790447,
        "17": 0.136972320435734,
        "18": 0.13325364128579573,
        "19": 0.1325122003011768,
        "20": 0.13883346729987525,
        "21": 0.13673509890351532,
        "22": 0.14102623576178724,
        "23": 0.13836560071610832,
        "24": 0.14120975988944307,
        "25": 0.13669900657170064,
        "26": 0.1417105732728817,
        "27": 0.1433886419145653,
        "28": 0.14835991844812735,
        "29": 0.14830858596159216,
        "30": 0.14478583245939514,
        "31": 0.14521822903486373,
        "32": 0.14619240850727136,
        "33": 0.14819352721058285,
        "34": 0.14985998205660542,
        "35": 0.1520849600382227,
        "36": 0.15144729096746937,
        "37": 0.14950394090885288,
        "38": 0.15123610963294604,
        "39": 0.14893587102266995,
        "40": 0.1494108321206849,
        "41": 0.14886388634033765
    },
    "gpt2_355m": {
        "0": 0.11765589245067944,
        "1": 0.12703294835726975,
        "2": 0.1281915579085117,
        "3": 0.13206949755719324,
        "4": 0.12551380194734918,
        "5": 0.12845906405684357,
        "6": 0.13184743165719556,
        "7": 0.12705253980776518,
        "8": 0.13079644958200787,
        "9": 0.13062712518933461,
        "10": 0.13486041551221853,
        "11": 0.13340427545734468,
        "12": 0.13043824270568477,
        "13": 0.134066336925674,
        "14": 0.13796765018402926,
        "15": 0.1310986572088843,
        "16": 0.13827643228097072,
        "17": 0.1416403248858066,
        "18": 0.14673374687591947,
        "19": 0.14387942854821695,
        "20": 0.1454377859691772,
        "21": 0.14380345320261279,
        "22": 0.14978548743376147,
        "23": 0.14858042515014955,
        "24": 0.1524621882175429,
        "25": 0.14788106019228475,
        "26": 0.1517338012009841,
        "27": 0.15678723531258837,
        "28": 0.15726794495138616,
        "29": 0.1604090854950196,
        "30": 0.16052065328816728,
        "31": 0.15742523589710816,
        "32": 0.1597842128067076,
        "33": 0.15858931088439082,
        "34": 0.16215395706940522,
        "35": 0.16532274379319273,
        "36": 0.16830487689493231,
        "37": 0.16194113421436118,
        "38": 0.16589217218691554,
        "39": 0.1634862794587604,
        "40": 0.1627535179627352,
        "41": 0.16265913609045976
    },
    "mamba2_172m": {
        "0": 0.09566599717609062,
        "1": 0.08831173566084433,
        "2": 0.09236716711823974,
        "3": 0.09725756537641225,
        "4": 0.09234169025610096,
        "5": 0.10604755071090403,
        "6": 0.11084339442851097,
        "7": 0.10896757193254232,
        "8": 0.11962589275511776,
        "9": 0.1208771835644445,
        "10": 0.12334252912412953,
        "11": 0.1275845099909848,
        "12": 0.12275405668951495,
        "13": 0.1287570246688595,
        "14": 0.12665453989682884,
        "15": 0.12528322509330792,
        "16": 0.12626810209873798,
        "17": 0.13499476194453386,
        "18": 0.13079316009403338,
        "19": 0.13099259130499094,
        "20": 0.13382208286248354,
        "21": 0.1321362619465639,
        "22": 0.13668990671236206,
        "23": 0.13779399461160324,
        "24": 0.14203575262073195,
        "25": 0.1385313132917827,
        "26": 0.1435946683297214,
        "27": 0.13832876835582386,
        "28": 0.14058315243675903,
        "29": 0.14332879942067892,
        "30": 0.14138403607925706,
        "31": 0.14709386782741332,
        "32": 0.15042520490896638,
        "33": 0.14993465155501814,
        "34": 0.15092496468530184,
        "35": 0.14973013232850904,
        "36": 0.15163437855343162,
        "37": 0.1494475092102967,
        "38": 0.15102783995971478,
        "39": 0.14960056086007187,
        "40": 0.14991249193113726,
        "41": 0.1495906944590839
    },
    "mamba2_432m": {
        "0": 0.1118894966884443,
        "1": 0.12363706988268361,
        "2": 0.12441707952941593,
        "3": 0.12644648925835184,
        "4": 0.12567729221485757,
        "5": 0.12619875334423084,
        "6": 0.12847169830459185,
        "7": 0.12530271966468637,
        "8": 0.13272094794592348,
        "9": 0.13068828992468923,
        "10": 0.1308857297080936,
        "11": 0.12976307246714033,
        "12": 0.13295766355904004,
        "13": 0.1350931346881466,
        "14": 0.13299265108643368,
        "15": 0.1329772938558815,
        "16": 0.13660781694261645,
        "17": 0.14335190859025454,
        "18": 0.14202936084931506,
        "19": 0.14488509901589955,
        "20": 0.14856782098590335,
        "21": 0.1474122188095485,
        "22": 0.15009483498479978,
        "23": 0.15051587938918748,
        "24": 0.15279034212858525,
        "25": 0.15170856895627066,
        "26": 0.1606205077261274,
        "27": 0.1584400253236172,
        "28": 0.16119614451328826,
        "29": 0.1690513925981877,
        "30": 0.1670306515706889,
        "31": 0.1647623356288264,
        "32": 0.17235464875809203,
        "33": 0.17065059831349716,
        "34": 0.17181448763266297,
        "35": 0.17465574993052885,
        "36": 0.17511819146938296,
        "37": 0.17430828044307112,
        "38": 0.1729294169340048,
        "39": 0.17389706569872976,
        "40": 0.17255350047079607,
        "41": 0.17326312194270405
    },
    "xlstm_247m": {
        "0": 0.11266428129262296,
        "1": 0.11051724847735599,
        "2": 0.12210500001581073,
        "3": 0.12014487956706912,
        "4": 0.10880962266425168,
        "5": 0.11693847200511806,
        "6": 0.12242091421307338,
        "7": 0.12262451443369259,
        "8": 0.11817776967312178,
        "9": 0.12527480788593523,
        "10": 0.11593504533708036,
        "11": 0.1250900911320947,
        "12": 0.12028544599023701,
        "13": 0.12745265481522333,
        "14": 0.13009518559994282,
        "15": 0.1282730644724416,
        "16": 0.12821893604659504,
        "17": 0.1305792205697615,
        "18": 0.13110118971982987,
        "19": 0.12782918160761275,
        "20": 0.1373630154425313,
        "21": 0.1242952343056824,
        "22": 0.13451781212960082,
        "23": 0.135397728930898,
        "24": 0.1340646320041992,
        "25": 0.1379805307303425,
        "26": 0.1397485548192187,
        "27": 0.13825853263294388,
        "28": 0.1370003361801425,
        "29": 0.14289358847094166,
        "30": 0.14123791452096324,
        "31": 0.14630098433057892,
        "32": 0.14304426491385366,
        "33": 0.14567389085815655,
        "34": 0.14269051586968814,
        "35": 0.1469286239965489,
        "36": 0.1477553750598691,
        "37": 0.1453320655223291,
        "38": 0.14618547514991093,
        "39": 0.14395332000830288,
        "40": 0.144413178882408,
        "41": 0.1435274090225542
    },
    "xlstm_406m": {
        "0": 0.11494308616748697,
        "1": 0.12076283812566806,
        "2": 0.11822158383433637,
        "3": 0.12420256575295342,
        "4": 0.12015917197129136,
        "5": 0.12108686111630154,
        "6": 0.13102844049109072,
        "7": 0.1271375777485871,
        "8": 0.13003654668136733,
        "9": 0.13518562145279833,
        "10": 0.12557996827624565,
        "11": 0.1281796041012041,
        "12": 0.13070280143482058,
        "13": 0.13502208139618138,
        "14": 0.1383613190673288,
        "15": 0.1333050411596198,
        "16": 0.12795487770301073,