{
    "gpt2_209m": {
        "0": 0.06419753086419754,
        "1": 0.07838340346413543,
        "2": 0.08522824623669073,
        "3": 0.09293953420027919,
        "4": 0.0941528206636279,
        "5": 0.10177761431898982,
        "6": 0.10415388767573669,
        "7": 0.10469083679029922,
        "8": 0.10480681846093386,
        "9": 0.11555566475834787,
        "10": 0.10806094863602851,
        "11": 0.11170121216591675,
        "12": 0.11266878181952335,
        "13": 0.11738509989174294,
        "14": 0.11998227954025252,
        "15": 0.11450024618414574,
        "16": 0.11854095857346929,
        "17": 0.1253572484478171,
        "18": 0.12638608249963038,
        "19": 0.12374614910659273,
        "20": 0.12951183431952662,
        "21": 0.1282089220980987,
        "22": 0.13226443019240255,
        "23": 0.13122964571203,
        "24": 0.13670911065047872,
        "25": 0.1347515980157457,
        "26": 0.13834645863677883,
        "27": 0.14075116675309282,
        "28": 0.14386623527377806,
        "29": 0.145952222139875,
        "30": 0.1455327139750939,
        "31": 0.14394089156864684,
        "32": 0.14519119064685962,
        "33": 0.14785790215322242,
        "34": 0.15073065796305912,
        "35": 0.1536216831120014,
        "36": 0.15425716123286992,
        "37": 0.152559566519039,
        "38": 0.15437155089212798,
        "39": 0.15357956233290423,
        "40": 0.15407660501621728,
        "41": 0.15362706491319317
    },
    "gpt2_355m": {
        "0": 0.06791345801246791,
        "1": 0.08166161072511988,
        "2": 0.0909313425529311,
        "3": 0.09778855337594593,
        "4": 0.09998529627995884,
        "5": 0.10280740468309428,
        "6": 0.10987069705817405,
        "7": 0.10724367313876139,
        "8": 0.1128877754034338,
        "9": 0.11467112214059313,
        "10": 0.11607274514622758,
        "11": 0.1185857244719825,
        "12": 0.11930937799749133,
        "13": 0.11800019683102057,
        "14": 0.12707046343924588,
        "15": 0.12033481043820778,
        "16": 0.1253632825969164,
        "17": 0.13099931014092836,
        "18": 0.13754866689665368,
        "19": 0.13486136783733826,
        "20": 0.13722879684418146,
        "21": 0.138270326255826,
        "22": 0.1426245683275777,
        "23": 0.14334353103720518,
        "24": 0.14704866252097523,
        "25": 0.14637577432809298,
        "26": 0.14849285308712074,
        "27": 0.15361631725806849,
        "28": 0.1543382153177406,
        "29": 0.1567232392104548,
        "30": 0.15983890096857087,
        "31": 0.15609864584362954,
        "32": 0.15898361223026916,
        "33": 0.16120738671479073,
        "34": 0.16507182948841578,
        "35": 0.16784133343225263,
        "36": 0.1705090783159353,
        "37": 0.16678625330925106,
        "38": 0.17003637803459626,
        "39": 0.1693732052678483,
        "40": 0.16908069028695932,
        "41": 0.16893280828194268
    },
    "mamba2_172m": {
        "0": 0.05764576457645765,
        "1": 0.060940405127703295,
        "2": 0.06865744706890221,
        "3": 0.07361692748512233,
        "4": 0.07925305102190855,
        "5": 0.08868456540394754,
        "6": 0.09603258335991363,
        "7": 0.09455313090650237,
        "8": 0.1034313364281679,
        "9": 0.10729993365930367,
        "10": 0.11007618579503564,
        "11": 0.11445501708834305,
        "12": 0.11232445461029539,
        "13": 0.11576124397205,
        "14": 0.11818562181585489,
        "15": 0.11578040374199902,
        "16": 0.1186148465592828,
        "17": 0.12626884793535034,
        "18": 0.1240205017002612,
        "19": 0.12214417744916821,
        "20": 0.12771203155818542,
        "21": 0.1256195901457424,
        "22": 0.12952639368524912,
        "23": 0.13320339484851476,
        "24": 0.13816503800217156,
        "25": 0.1363064241466966,
        "26": 0.14165452884686597,
        "27": 0.1359113020717584,
        "28": 0.13954407369902935,
        "29": 0.14108550112403961,
        "30": 0.14143111286815577,
        "31": 0.14562123159039242,
        "32": 0.1481573028153348,
        "33": 0.1481051148302885,
        "34": 0.1505328487006404,
        "35": 0.15015950738185324,
        "36": 0.15292138722604265,
        "37": 0.15164411015166884,
        "38": 0.15271350441733278,
        "39": 0.15271313991484306,
        "40": 0.15330906930104732,
        "41": 0.15300790053743468
    },
    "mamba2_432m": {
        "0": 0.0661288351057328,
        "1": 0.08535570995205011,
        "2": 0.0916166931832089,
        "3": 0.09849876325521024,
        "4": 0.10351418908983973,
        "5": 0.10452372195660169,
        "6": 0.1095271977819761,
        "7": 0.10802916124598051,
        "8": 0.11441063051113895,
        "9": 0.11484311653848989,
        "10": 0.11602359302039814,
        "11": 0.11659413341201347,
        "12": 0.12258048648515704,
        "13": 0.12498769806121444,
        "14": 0.12357559498904777,
        "15": 0.1255046774987691,
        "16": 0.12890990591596474,
        "17": 0.13484281068296047,
        "18": 0.13604553743038786,
        "19": 0.137030191004313,
        "20": 0.1430473372781065,
        "21": 0.1437695741165446,
        "22": 0.14464726196349284,
        "23": 0.14576137372939899,
        "24": 0.15040469845030105,
        "25": 0.14770848244033663,
        "26": 0.15698521243241909,
        "27": 0.15722152258191965,
        "28": 0.16019165699325744,
        "29": 0.16556733120877493,
        "30": 0.16668313896026882,
        "31": 0.16623010773944846,
        "32": 0.1712435425266332,
        "33": 0.17089812365578108,
        "34": 0.17283584303835028,
        "35": 0.17469149541261716,
        "36": 0.17681690001484193,
        "37": 0.17655936858252716,
        "38": 0.17703976836843277,
        "39": 0.1778888998910783,
        "40": 0.17720171333779,
        "41": 0.17745251009237933
    },
    "xlstm_247m": {
        "0": 0.062070651509595405,
        "1": 0.07415109110480478,
        "2": 0.08581568963407171,
        "3": 0.09022114466240541,
        "4": 0.08920256824976719,
        "5": 0.09643251195292386,
        "6": 0.10285349755870157,
        "7": 0.10338987211271754,
        "8": 0.10348046078648097,
        "9": 0.1100764146539227,
        "10": 0.10041779306955026,
        "11": 0.11147992427036463,
        "12": 0.10804495929560491,
        "13": 0.112956401928944,
        "14": 0.11693042258374148,
        "15": 0.11614967996061054,
        "16": 0.11935372641741786,
        "17": 0.12116881836996156,
        "18": 0.12372480410034005,
        "19": 0.11894023413431916,
        "20": 0.1277613412228797,
        "21": 0.12142733841335603,
        "22": 0.12742969906265417,
        "23": 0.12910786539030888,
        "24": 0.1310087849175797,
        "25": 0.13410992373948025,
        "26": 0.1358283753425334,
        "27": 0.13556559745166308,
        "28": 0.13638272123292747,
        "29": 0.13952913856567603,
        "30": 0.14081340185807473,
        "31": 0.14371849362459227,
        "32": 0.14259584249944385,
        "33": 0.146621838767892,
        "34": 0.14494473703731178,
        "35": 0.14835423003684745,
        "36": 0.15027457576807005,
        "37": 0.14914516168938813,
        "38": 0.15075849439481304,
        "39": 0.14880186157045253,
        "40": 0.14944663150857906,
        "41": 0.14850038388191297
    },
    "xlstm_406m": {
        "0": 0.0639286150837306,
        "1": 0.07958215089539093,
        "2": 0.08916901236078816,
        "3": 0.09541302377978596,
        "4": 0.09657893447042101,
        "5": 0.10035552286379797,
        "6": 0.10753980911254508,
        "7": 0.10795552173592872,
        "8": 0.11151229337066784,
        "9": 0.11752131502002507,
        "10": 0.11221430326861637,
        "11": 0.11494676796734773,
        "12": 0.11901424038958164,
        "13": 0.12070662336384214,
        "14": 0.1283256626713593,
        "15": 0.12296898079763663,
        "16": 0.12154573666321856,