{
    "gpt2_209m": {
        "0": 0.45454545454545453,
        "1": 0.825,
        "2": 0.819672131147541,
        "3": 0.7831325301204819,
        "4": 0.7181818181818181,
        "5": 0.7786259541984732,
        "6": 0.779874213836478,
        "7": 0.7853107344632768,
        "8": 0.7980295566502463,
        "9": 0.8110599078341014,
        "10": 0.8185840707964602,
        "11": 0.7918367346938775,
        "12": 0.7859922178988327,
        "13": 0.7941176470588235,
        "14": 0.8,
        "15": 0.7972972972972973,
        "16": 0.7929936305732485,
        "17": 0.7682926829268293,
        "18": 0.8143712574850299,
        "19": 0.7741935483870968,
        "20": 0.8258426966292135,
        "21": 0.821917808219178,
        "22": 0.8111702127659575,
        "23": 0.7890625,
        "24": 0.8214285714285714,
        "25": 0.7984886649874056,
        "26": 0.8068459657701712,
        "27": 0.8257756563245824,
        "28": 0.8173302107728337,
        "29": 0.8146453089244852,
        "30": 0.8085585585585585,
        "31": 0.8102678571428571,
        "32": 0.803921568627451,
        "33": 0.8043010752688172,
        "34": 0.7949260042283298,
        "35": 0.8100208768267223,
        "36": 0.8142857142857143,
        "37": 0.8096192384769539,
        "38": 0.814595660749507,
        "39": 0.8153846153846154,
        "40": 0.8026565464895635,
        "41": 0.7996289424860853
    },
    "gpt2_355m": {
        "0": 0.6363636363636364,
        "1": 0.8,
        "2": 0.8524590163934426,
        "3": 0.8192771084337349,
        "4": 0.7454545454545455,
        "5": 0.8396946564885496,
        "6": 0.8364779874213837,
        "7": 0.7853107344632768,
        "8": 0.7783251231527094,
        "9": 0.8110599078341014,
        "10": 0.7876106194690266,
        "11": 0.7714285714285715,
        "12": 0.7976653696498055,
        "13": 0.7794117647058824,
        "14": 0.8105263157894737,
        "15": 0.8141891891891891,
        "16": 0.8152866242038217,
        "17": 0.7957317073170732,
        "18": 0.8023952095808383,
        "19": 0.782991202346041,
        "20": 0.8117977528089888,
        "21": 0.8,
        "22": 0.8324468085106383,
        "23": 0.8307291666666666,
        "24": 0.8188775510204082,
        "25": 0.8337531486146096,
        "26": 0.80440097799511,
        "27": 0.8353221957040573,
        "28": 0.8266978922716628,
        "29": 0.8146453089244852,
        "30": 0.8378378378378378,
        "31": 0.8236607142857143,
        "32": 0.8257080610021786,
        "33": 0.8301075268817204,
        "34": 0.8245243128964059,
        "35": 0.8350730688935282,
        "36": 0.8285714285714286,
        "37": 0.8276553106212425,
        "38": 0.834319526627219,
        "39": 0.8269230769230769,
        "40": 0.8216318785578748,
        "41": 0.8218923933209648
    },
    "mamba2_172m": {
        "0": 0.2727272727272727,
        "1": 0.325,
        "2": 0.2786885245901639,
        "3": 0.37349397590361444,
        "4": 0.45454545454545453,
        "5": 0.5267175572519084,
        "6": 0.6289308176100629,
        "7": 0.5649717514124294,
        "8": 0.7536945812807881,
        "9": 0.7649769585253456,
        "10": 0.7743362831858407,
        "11": 0.7714285714285715,
        "12": 0.7315175097276264,
        "13": 0.7683823529411765,
        "14": 0.7824561403508772,
        "15": 0.7432432432432432,
        "16": 0.7770700636942676,
        "17": 0.7317073170731707,
        "18": 0.7275449101796407,
        "19": 0.7419354838709677,
        "20": 0.7584269662921348,
        "21": 0.736986301369863,
        "22": 0.75,
        "23": 0.7552083333333334,
        "24": 0.7397959183673469,
        "25": 0.7632241813602015,
        "26": 0.7872860635696821,
        "27": 0.7875894988066826,
        "28": 0.7728337236533958,
        "29": 0.7528604118993135,
        "30": 0.786036036036036,
        "31": 0.7745535714285714,
        "32": 0.7668845315904139,
        "33": 0.7591397849462366,
        "34": 0.7758985200845666,
        "35": 0.7933194154488518,
        "36": 0.7857142857142857,
        "37": 0.781563126252505,
        "38": 0.7889546351084813,
        "39": 0.7788461538461539,
        "40": 0.7741935483870968,
        "41": 0.7736549165120594
    },
    "mamba2_432m": {
        "0": 0.36363636363636365,
        "1": 0.8,
        "2": 0.8032786885245902,
        "3": 0.7831325301204819,
        "4": 0.8,
        "5": 0.8015267175572519,
        "6": 0.8113207547169812,
        "7": 0.7570621468926554,
        "8": 0.8275862068965517,
        "9": 0.7419354838709677,
        "10": 0.7477876106194691,
        "11": 0.7673469387755102,
        "12": 0.7587548638132295,
        "13": 0.7720588235294118,
        "14": 0.743859649122807,
        "15": 0.7702702702702703,
        "16": 0.7292993630573248,
        "17": 0.7591463414634146,
        "18": 0.7634730538922155,
        "19": 0.7536656891495601,
        "20": 0.7724719101123596,
        "21": 0.8136986301369863,
        "22": 0.7845744680851063,
        "23": 0.7942708333333334,
        "24": 0.798469387755102,
        "25": 0.7657430730478589,
        "26": 0.7946210268948656,
        "27": 0.801909307875895,
        "28": 0.8243559718969555,
        "29": 0.8260869565217391,
        "30": 0.8040540540540541,
        "31": 0.8169642857142857,
        "32": 0.803921568627451,
        "33": 0.8,
        "34": 0.7949260042283298,
        "35": 0.8121085594989561,
        "36": 0.8122448979591836,
        "37": 0.811623246492986,
        "38": 0.8126232741617357,
        "39": 0.801923076923077,
        "40": 0.7969639468690702,
        "41": 0.7940630797773655
    },
    "xlstm_247m": {
        "0": 0.45454545454545453,
        "1": 0.725,
        "2": 0.819672131147541,
        "3": 0.8313253012048193,
        "4": 0.7727272727272727,
        "5": 0.7786259541984732,
        "6": 0.8301886792452831,
        "7": 0.7570621468926554,
        "8": 0.7635467980295566,
        "9": 0.815668202764977,
        "10": 0.7389380530973452,
        "11": 0.7551020408163265,
        "12": 0.7587548638132295,
        "13": 0.7536764705882353,
        "14": 0.7473684210526316,
        "15": 0.7804054054054054,
        "16": 0.821656050955414,
        "17": 0.7896341463414634,
        "18": 0.8053892215568862,
        "19": 0.7683284457478006,
        "20": 0.797752808988764,
        "21": 0.7945205479452054,
        "22": 0.7712765957446809,
        "23": 0.7942708333333334,
        "24": 0.7755102040816326,
        "25": 0.7858942065491183,
        "26": 0.78239608801956,
        "27": 0.7875894988066826,
        "28": 0.7845433255269321,
        "29": 0.7757437070938215,
        "30": 0.7882882882882883,
        "31": 0.78125,
        "32": 0.7843137254901961,
        "33": 0.7849462365591398,
        "34": 0.7822410147991543,
        "35": 0.7891440501043842,
        "36": 0.7979591836734694,
        "37": 0.7915831663326653,
        "38": 0.7889546351084813,
        "39": 0.7846153846153846,
        "40": 0.7798861480075902,
        "41": 0.7792207792207793
    },
    "xlstm_406m": {
        "0": 0.5454545454545454,
        "1": 0.775,
        "2": 0.7377049180327869,
        "3": 0.8072289156626506,
        "4": 0.7727272727272727,
        "5": 0.816793893129771,
        "6": 0.8238993710691824,
        "7": 0.8135593220338984,
        "8": 0.7832512315270936,
        "9": 0.8571428571428571,
        "10": 0.8053097345132744,
        "11": 0.7836734693877551,
        "12": 0.8093385214007782,
        "13": 0.8161764705882353,
        "14": 0.8105263157894737,
        "15": 0.8074324324324325,
        "16": 0.8248407643312102,
        "17": 0.7926829268292683,
        "18": 0.8353293413173652,
        "19": 0.7390029325513197,
        "20": 0.8370786516853933,
        "21": 0.8273972602739726,
        "22": 0.824468085106383,
        "23": 0.8489583333333334,
        "24": 0.8494897959183674,
        "25": 0.8060453400503779,
        "26": 0.8264058679706602,
        "27": 0.8424821002386634,