{
    "gpt2_209m": {
        "0": 0.5,
        "1": 0.9285714285714286,
        "2": 0.8695652173913043,
        "3": 0.8461538461538461,
        "4": 0.6486486486486487,
        "5": 0.7755102040816326,
        "6": 0.8333333333333334,
        "7": 0.7971014492753623,
        "8": 0.7831325301204819,
        "9": 0.8804347826086957,
        "10": 0.8469387755102041,
        "11": 0.7941176470588235,
        "12": 0.794392523364486,
        "13": 0.811965811965812,
        "14": 0.8145161290322581,
        "15": 0.8217054263565892,
        "16": 0.8285714285714286,
        "17": 0.815068493150685,
        "18": 0.8445945945945946,
        "19": 0.8157894736842105,
        "20": 0.85,
        "21": 0.8424242424242424,
        "22": 0.8579881656804734,
        "23": 0.8546511627906976,
        "24": 0.8820224719101124,
        "25": 0.8611111111111112,
        "26": 0.8469945355191257,
        "27": 0.8829787234042553,
        "28": 0.8860103626943006,
        "29": 0.8407960199004975,
        "30": 0.8522167487684729,
        "31": 0.8592233009708737,
        "32": 0.839622641509434,
        "33": 0.8364485981308412,
        "34": 0.8294930875576036,
        "35": 0.8493150684931506,
        "36": 0.8616071428571429,
        "37": 0.8565217391304348,
        "38": 0.8589743589743589,
        "39": 0.8493723849372385,
        "40": 0.8340248962655602,
        "41": 0.8346774193548387
    },
    "gpt2_355m": {
        "0": 0.75,
        "1": 0.9285714285714286,
        "2": 0.8695652173913043,
        "3": 0.8461538461538461,
        "4": 0.6756756756756757,
        "5": 0.7755102040816326,
        "6": 0.8166666666666667,
        "7": 0.782608695652174,
        "8": 0.7710843373493976,
        "9": 0.8695652173913043,
        "10": 0.7959183673469388,
        "11": 0.803921568627451,
        "12": 0.8504672897196262,
        "13": 0.7692307692307693,
        "14": 0.8387096774193549,
        "15": 0.875968992248062,
        "16": 0.85,
        "17": 0.8287671232876712,
        "18": 0.8243243243243243,
        "19": 0.8289473684210527,
        "20": 0.84375,
        "21": 0.8363636363636363,
        "22": 0.863905325443787,
        "23": 0.8895348837209303,
        "24": 0.8764044943820225,
        "25": 0.8777777777777778,
        "26": 0.8579234972677595,
        "27": 0.8882978723404256,
        "28": 0.8549222797927462,
        "29": 0.8805970149253731,
        "30": 0.8916256157635468,
        "31": 0.8640776699029126,
        "32": 0.8820754716981132,
        "33": 0.883177570093458,
        "34": 0.880184331797235,
        "35": 0.8767123287671232,
        "36": 0.875,
        "37": 0.8695652173913043,
        "38": 0.8803418803418803,
        "39": 0.8702928870292888,
        "40": 0.8755186721991701,
        "41": 0.875
    },
    "mamba2_172m": {
        "0": 0.5,
        "1": 0.5,
        "2": 0.34782608695652173,
        "3": 0.34615384615384615,
        "4": 0.5675675675675675,
        "5": 0.6326530612244898,
        "6": 0.7833333333333333,
        "7": 0.7246376811594203,
        "8": 0.7710843373493976,
        "9": 0.8369565217391305,
        "10": 0.7959183673469388,
        "11": 0.8137254901960784,
        "12": 0.7850467289719626,
        "13": 0.8205128205128205,
        "14": 0.8387096774193549,
        "15": 0.7751937984496124,
        "16": 0.8357142857142857,
        "17": 0.7534246575342466,
        "18": 0.7432432432432432,
        "19": 0.756578947368421,
        "20": 0.78125,
        "21": 0.7515151515151515,
        "22": 0.8106508875739645,
        "23": 0.813953488372093,
        "24": 0.7921348314606742,
        "25": 0.8277777777777777,
        "26": 0.8524590163934426,
        "27": 0.8404255319148937,
        "28": 0.8290155440414507,
        "29": 0.8258706467661692,
        "30": 0.8325123152709359,
        "31": 0.8252427184466019,
        "32": 0.8160377358490566,
        "33": 0.8037383177570093,
        "34": 0.8202764976958525,
        "35": 0.8356164383561644,
        "36": 0.8348214285714286,
        "37": 0.8260869565217391,
        "38": 0.8333333333333334,
        "39": 0.8284518828451883,
        "40": 0.8215767634854771,
        "41": 0.8225806451612904
    },
    "mamba2_432m": {
        "0": 0.5,
        "1": 0.8571428571428571,
        "2": 0.782608695652174,
        "3": 0.8461538461538461,
        "4": 0.7837837837837838,
        "5": 0.8163265306122449,
        "6": 0.85,
        "7": 0.7246376811594203,
        "8": 0.8072289156626506,
        "9": 0.6847826086956522,
        "10": 0.7142857142857143,
        "11": 0.7450980392156863,
        "12": 0.7663551401869159,
        "13": 0.7863247863247863,
        "14": 0.7338709677419355,
        "15": 0.7829457364341085,
        "16": 0.7928571428571428,
        "17": 0.7602739726027398,
        "18": 0.7837837837837838,
        "19": 0.7697368421052632,
        "20": 0.7875,
        "21": 0.806060606060606,
        "22": 0.8047337278106509,
        "23": 0.8255813953488372,
        "24": 0.8146067415730337,
        "25": 0.7833333333333333,
        "26": 0.8087431693989071,
        "27": 0.824468085106383,
        "28": 0.8601036269430051,
        "29": 0.8656716417910447,
        "30": 0.8423645320197044,
        "31": 0.8349514563106796,
        "32": 0.8349056603773585,
        "33": 0.8084112149532711,
        "34": 0.7926267281105991,
        "35": 0.8310502283105022,
        "36": 0.8214285714285714,
        "37": 0.8173913043478261,
        "38": 0.8205128205128205,
        "39": 0.8117154811715481,
        "40": 0.8132780082987552,
        "41": 0.8145161290322581
    },
    "xlstm_247m": {
        "0": 0.5,
        "1": 0.9285714285714286,
        "2": 0.8695652173913043,
        "3": 0.8461538461538461,
        "4": 0.7837837837837838,
        "5": 0.673469387755102,
        "6": 0.8166666666666667,
        "7": 0.7101449275362319,
        "8": 0.7228915662650602,
        "9": 0.8260869565217391,
        "10": 0.7346938775510204,
        "11": 0.7745098039215687,
        "12": 0.7476635514018691,
        "13": 0.7521367521367521,
        "14": 0.7016129032258065,
        "15": 0.7751937984496124,
        "16": 0.8785714285714286,
        "17": 0.7945205479452054,
        "18": 0.8108108108108109,
        "19": 0.743421052631579,
        "20": 0.81875,
        "21": 0.7878787878787878,
        "22": 0.757396449704142,
        "23": 0.8255813953488372,
        "24": 0.7808988764044944,
        "25": 0.8055555555555556,
        "26": 0.7650273224043715,
        "27": 0.7925531914893617,
        "28": 0.7875647668393783,
        "29": 0.7860696517412935,
        "30": 0.7980295566502463,
        "31": 0.7961165048543689,
        "32": 0.7877358490566038,
        "33": 0.7757009345794392,
        "34": 0.7926267281105991,
        "35": 0.8082191780821918,
        "36": 0.8169642857142857,
        "37": 0.8173913043478261,
        "38": 0.8034188034188035,
        "39": 0.803347280334728,
        "40": 0.7966804979253111,
        "41": 0.7943548387096774
    },
    "xlstm_406m": {
        "0": 0.75,
        "1": 0.9285714285714286,
        "2": 0.7391304347826086,
        "3": 0.7307692307692307,
        "4": 0.7027027027027027,
        "5": 0.7551020408163265,
        "6": 0.7666666666666667,
        "7": 0.7681159420289855,
        "8": 0.7349397590361446,
        "9": 0.8695652173913043,
        "10": 0.7653061224489796,
        "11": 0.7843137254901961,
        "12": 0.8317757009345794,
        "13": 0.8205128205128205,
        "14": 0.782258064516129,
        "15": 0.8449612403100775,
        "16": 0.8642857142857143,
        "17": 0.815068493150685,
        "18": 0.8716216216216216,
        "19": 0.7105263157894737,
        "20": 0.85,
        "21": 0.8606060606060606,
        "22": 0.8461538461538461,
        "23": 0.9011627906976745,
        "24": 0.8764044943820225,
        "25": 0.8444444444444444,
        "26": 0.8743169398907104,
        "27": 0.9042553191489362,
        "28": 0.8860103626943006,