{
    "gpt2_209m": {
        "0": 0.12527500970622493,
        "1": 0.14902164053388622,
        "2": 0.16450441100155683,
        "3": 0.1772874756651525,
        "4": 0.17715102677410968,
        "5": 0.19304868523821922,
        "6": 0.19658453917351063,
        "7": 0.19198642652049072,
        "8": 0.1931223849372385,
        "9": 0.20997512763450712,
        "10": 0.1955980610507009,
        "11": 0.20775986367807053,
        "12": 0.20383001049317942,
        "13": 0.20580509587601786,
        "14": 0.2117786249507033,
        "15": 0.20836621941594316,
        "16": 0.21380582268475826,
        "17": 0.22491760052735663,
        "18": 0.22233944349202162,
        "19": 0.2220609579100145,
        "20": 0.2262580900805706,
        "21": 0.22733280465239228,
        "22": 0.23631314467072204,
        "23": 0.2289985447810557,
        "24": 0.2453329802727393,
        "25": 0.23652496358098266,
        "26": 0.23979862215156333,
        "27": 0.24459764019620842,
        "28": 0.24980100822499338,
        "29": 0.25272244355909695,
        "30": 0.24707757704569608,
        "31": 0.25196013289036545,
        "32": 0.25495411623886155,
        "33": 0.2567513635758946,
        "34": 0.2577854671280277,
        "35": 0.26437699680511184,
        "36": 0.2665512188623951,
        "37": 0.26303159578722834,
        "38": 0.2657062825130052,
        "39": 0.26321409503470367,
        "40": 0.26275033377837115,
        "41": 0.2624615795803822
    },
    "gpt2_355m": {
        "0": 0.13161640999094085,
        "1": 0.1561487624724634,
        "2": 0.17618059159314997,
        "3": 0.18870863075924724,
        "4": 0.18637899662074345,
        "5": 0.19409008070814893,
        "6": 0.20219006648416113,
        "7": 0.2011224223440355,
        "8": 0.205413179916318,
        "9": 0.20696426233800236,
        "10": 0.21171230184724224,
        "11": 0.21247869969851882,
        "12": 0.2132738719832109,
        "13": 0.21184659837142106,
        "14": 0.2233469173130012,
        "15": 0.21744277821625888,
        "16": 0.22684758266368069,
        "17": 0.23441001977587345,
        "18": 0.24040617169985493,
        "19": 0.23565114131151868,
        "20": 0.23722097477215692,
        "21": 0.24028548770816813,
        "22": 0.2426606717799524,
        "23": 0.24831326895091943,
        "24": 0.25301204819277107,
        "25": 0.25744934445768775,
        "26": 0.2594064652888182,
        "27": 0.26567678642449954,
        "28": 0.26810825152560364,
        "29": 0.2703851261620186,
        "30": 0.27045696068012753,
        "31": 0.2664451827242525,
        "32": 0.2763665381034712,
        "33": 0.27870160968471464,
        "34": 0.28040990151716794,
        "35": 0.28647497337593186,
        "36": 0.28573331557213266,
        "37": 0.2834288761498467,
        "38": 0.28798185941043086,
        "39": 0.2871062466631073,
        "40": 0.2865153538050734,
        "41": 0.28598155819858345
    },
    "mamba2_172m": {
        "0": 0.1151805357836159,
        "1": 0.11584812751069068,
        "2": 0.1306434872859367,
        "3": 0.14211550940947437,
        "4": 0.14738757473355862,
        "5": 0.1732621713095548,
        "6": 0.17233737452744102,
        "7": 0.17515009135995824,
        "8": 0.1886767782426778,
        "9": 0.19099358554784657,
        "10": 0.1980872527184593,
        "11": 0.20841525756979945,
        "12": 0.20697796432318993,
        "13": 0.20160231153138955,
        "14": 0.21519652951229132,
        "15": 0.20902394106813996,
        "16": 0.213015412989066,
        "17": 0.22544495715227422,
        "18": 0.21772385599367006,
        "19": 0.21454017680432774,
        "20": 0.2258618412362964,
        "21": 0.21860956912503304,
        "22": 0.2298333774133827,
        "23": 0.22833708162455352,
        "24": 0.2399046736396134,
        "25": 0.23996821613031386,
        "26": 0.24682034976152623,
        "27": 0.23995757656105,
        "28": 0.24860705757495358,
        "29": 0.250597609561753,
        "30": 0.25305526036131776,
        "31": 0.2571428571428571,
        "32": 0.2586780156935763,
        "33": 0.25834774511108155,
        "34": 0.263375033271227,
        "35": 0.26357827476038337,
        "36": 0.2697482349806847,
        "37": 0.266231169177443,
        "38": 0.2699746565292784,
        "39": 0.2681526962092899,
        "40": 0.2691588785046729,
        "41": 0.26874248296137915
    },
    "mamba2_432m": {
        "0": 0.13096932832923516,
        "1": 0.15938836335363482,
        "2": 0.1703425012973534,
        "3": 0.17897469175859831,
        "4": 0.1853392253704185,
        "5": 0.18979432439468888,
        "6": 0.19697562247425368,
        "7": 0.19198642652049072,
        "8": 0.20606694560669456,
        "9": 0.20814242701924335,
        "10": 0.2092231101794838,
        "11": 0.20540044566784638,
        "12": 0.22075026232948583,
        "13": 0.21355397951142632,
        "14": 0.21992901275141316,
        "15": 0.22204682978163642,
        "16": 0.22645237781583455,
        "17": 0.23309162821357943,
        "18": 0.24146116312804958,
        "19": 0.2409288824383164,
        "20": 0.25254259675075946,
        "21": 0.2512556172349987,
        "22": 0.24940491933350967,
        "23": 0.25439872999073954,
        "24": 0.26135310472659873,
        "25": 0.2575817772480466,
        "26": 0.2741123476417594,
        "27": 0.2768129391488798,
        "28": 0.28004775802600157,
        "29": 0.28658698539176625,
        "30": 0.2895855472901169,
        "31": 0.28863787375415284,
        "32": 0.2932570820587844,
        "33": 0.29187175735000664,
        "34": 0.29531541123236627,
        "35": 0.2992545260915868,
        "36": 0.30291727720793926,
        "37": 0.30315957872283694,
        "38": 0.30532212885154064,
        "39": 0.3041911372130272,
        "40": 0.3049399198931909,
        "41": 0.3049579045837231
    },
    "xlstm_247m": {
        "0": 0.12152193606833182,
        "1": 0.14578203965271477,
        "2": 0.1620394395433316,
        "3": 0.17417261518494484,
        "4": 0.16571354302053548,
        "5": 0.18549856808122886,
        "6": 0.18693781775518187,
        "7": 0.19498825371965545,
        "8": 0.18906903765690378,
        "9": 0.20264432517345202,
        "10": 0.19468099043626358,
        "11": 0.20566260322453794,
        "12": 0.2030430220356768,
        "13": 0.2059364328867875,
        "14": 0.21098987774418299,
        "15": 0.21586424625098657,
        "16": 0.21907522065604004,
        "17": 0.22254449571522741,
        "18": 0.2229988131346433,
        "19": 0.2159915556141971,
        "20": 0.22889974904239863,
        "21": 0.22416071900607984,
        "22": 0.2282464956360751,
        "23": 0.23111522688186267,
        "24": 0.23884549185754006,
        "25": 0.2427493047278506,
        "26": 0.24576046634870163,
        "27": 0.24618851915683415,
        "28": 0.25046431414168213,
        "29": 0.250332005312085,
        "30": 0.2570403825717322,
        "31": 0.2564784053156146,
        "32": 0.2606729618300306,
        "33": 0.2575495543434881,
        "34": 0.2592494011179132,
        "35": 0.26224707135250264,
        "36": 0.269615025975756,
        "37": 0.26383148913478205,
        "38": 0.2679738562091503,
        "39": 0.2670848905499199,
        "40": 0.2672897196261682,
        "41": 0.2641988507283175
    },
    "xlstm_406m": {
        "0": 0.13083991199689401,
        "1": 0.15666709861345082,
        "2": 0.16411520498183704,
        "3": 0.18325762491888384,
        "4": 0.18273979724460618,
        "5": 0.19109606873210103,
        "6": 0.196845261374006,
        "7": 0.19955625163142782,
        "8": 0.2055439330543933,
        "9": 0.2141641576122529,
        "10": 0.20791300930171625,
        "11": 0.2162799842705466,
        "12": 0.22088142707240294,
        "13": 0.21788810086682428,
        "14": 0.22531878532930197,
        "15": 0.22309918442515128,
        "16": 0.21999736530101435,
        "17": 0.23005932762030323,