{
    "gpt2_209m": {
        "0": 0.12546889147587634,
        "1": 0.15043332039839608,
        "2": 0.1666019919803389,
        "3": 0.17953692924589315,
        "4": 0.1794075798732376,
        "5": 0.19674039580908032,
        "6": 0.2015263225973354,
        "7": 0.19738714267235805,
        "8": 0.19945673263484673,
        "9": 0.21795369292458933,
        "10": 0.20385461130513516,
        "11": 0.215496054844134,
        "12": 0.21200362178243434,
        "13": 0.21497865735351185,
        "14": 0.22144612598628896,
        "15": 0.21860043978786703,
        "16": 0.22493855904798862,
        "17": 0.23606260509636529,
        "18": 0.2342517138791877,
        "19": 0.2337343163885655,
        "20": 0.2391669900400983,
        "21": 0.24046048376665374,
        "22": 0.24990298797050833,
        "23": 0.24291812184710904,
        "24": 0.2599922390376407,
        "25": 0.25106713232440825,
        "26": 0.25417151726814124,
        "27": 0.2601215884102962,
        "28": 0.26568361143448455,
        "29": 0.2680119001422843,
        "30": 0.26296727460871816,
        "31": 0.26814124951493984,
        "32": 0.2709869357133618,
        "33": 0.2727978269305394,
        "34": 0.2738326219117837,
        "35": 0.28094683740783855,
        "36": 0.2837925236062605,
        "37": 0.2806881386625275,
        "38": 0.283663174233605,
        "39": 0.2813348855258052,
        "40": 0.28055878928987193,
        "41": 0.280817488035183
    },
    "gpt2_355m": {
        "0": 0.13193636010865348,
        "1": 0.15754753589445092,
        "2": 0.17824343551933772,
        "3": 0.1909196740395809,
        "4": 0.18872073470443668,
        "5": 0.19777519079032466,
        "6": 0.20695899624886818,
        "7": 0.20631224938559048,
        "8": 0.21148622429181219,
        "9": 0.2148493079808563,
        "10": 0.21911783727848919,
        "11": 0.22028198163238907,
        "12": 0.2220928728495667,
        "13": 0.22028198163238907,
        "14": 0.23321691889794335,
        "15": 0.22843099210968826,
        "16": 0.23813219505885397,
        "17": 0.24563445867287545,
        "18": 0.2515845298150304,
        "19": 0.2473160005173975,
        "20": 0.2497736385978528,
        "21": 0.25300737291424136,
        "22": 0.2562411072306299,
        "23": 0.2625792264907515,
        "24": 0.2673651532790066,
        "25": 0.2718923813219506,
        "26": 0.27357392316647267,
        "27": 0.280817488035183,
        "28": 0.2827577286250162,
        "29": 0.2862501616867158,
        "30": 0.286767559177338,
        "31": 0.2823696805070495,
        "32": 0.29297632906480403,
        "33": 0.2954339671452593,
        "34": 0.2972448583624369,
        "35": 0.3031949295045919,
        "36": 0.30280688138662526,
        "37": 0.30086664079679215,
        "38": 0.3059112663303583,
        "39": 0.30513517009442503,
        "40": 0.30487647134911394,
        "41": 0.30487647134911394
    },
    "mamba2_172m": {
        "0": 0.11537964040874402,
        "1": 0.1165437847626439,
        "2": 0.13128961324537575,
        "3": 0.14280170741171905,
        "4": 0.14939852541715173,
        "5": 0.17617384555684906,
        "6": 0.17707929116543786,
        "7": 0.18005432673651534,
        "8": 0.19492950459190272,
        "9": 0.19868063639891345,
        "10": 0.20566550252231278,
        "11": 0.2164015004527228,
        "12": 0.21497865735351185,
        "13": 0.21096882680119,
        "14": 0.22519725779329972,
        "15": 0.21847109041521148,
        "16": 0.2242918121847109,
        "17": 0.23541585823308758,
        "18": 0.22778424524641055,
        "19": 0.22519725779329972,
        "20": 0.23735609882292072,
        "21": 0.22998318458155478,
        "22": 0.24253007372914243,
        "23": 0.24136592937524254,
        "24": 0.25261932479627475,
        "25": 0.25365411977751906,
        "26": 0.26115638339154057,
        "27": 0.25455956538610786,
        "28": 0.2630966239813737,
        "29": 0.265554262061829,
        "30": 0.2682705988875954,
        "31": 0.2722804294399172,
        "32": 0.2739619712844393,
        "33": 0.2734445737938171,
        "34": 0.27900659681800544,
        "35": 0.2797826930539387,
        "36": 0.2861208123140603,
        "37": 0.2828870779976717,
        "38": 0.2870262579226491,
        "39": 0.2854740654507826,
        "40": 0.28637951105937137,
        "41": 0.2865088604320269
    },
    "mamba2_432m": {
        "0": 0.13116026387272023,
        "1": 0.16065192083818394,
        "2": 0.17216401500452722,
        "3": 0.18121847109041522,
        "4": 0.18820333721381452,
        "5": 0.19376536023800284,
        "6": 0.20204372008795757,
        "7": 0.19674039580908032,
        "8": 0.21252101927305653,
        "9": 0.21381451299961196,
        "10": 0.21562540421678955,
        "11": 0.21252101927305653,
        "12": 0.2283016427370327,
        "13": 0.2222222222222222,
        "14": 0.2281722933643772,
        "15": 0.23140602768076574,
        "16": 0.236709351959643,
        "17": 0.24304747121976458,
        "18": 0.25184322856034147,
        "19": 0.2513258310697193,
        "20": 0.26361402147199586,
        "21": 0.2630966239813737,
        "22": 0.2615444315095072,
        "23": 0.2671064545336955,
        "24": 0.2740913206570948,
        "25": 0.2698227913594619,
        "26": 0.286767559177338,
        "27": 0.29013064286638207,
        "28": 0.29452852153667053,
        "29": 0.30164273703272537,
        "30": 0.3041003751131807,
        "31": 0.3031949295045919,
        "32": 0.3081102056655025,
        "33": 0.3061699650756694,
        "34": 0.3092743500194024,
        "35": 0.31431897555296856,
        "36": 0.31794075798732374,
        "37": 0.3184581554779459,
        "38": 0.3209157935584012,
        "39": 0.3198809985771569,
        "40": 0.3207864441857457,
        "41": 0.3213038416763679
    },
    "xlstm_247m": {
        "0": 0.12171775966886561,
        "1": 0.1471995860820075,
        "2": 0.16414435389988358,
        "3": 0.17643254430216013,
        "4": 0.16867158194282758,
        "5": 0.18859138533178113,
        "6": 0.1918251196481697,
        "7": 0.19958608200750227,
        "8": 0.19480015521924718,
        "9": 0.2100633811926012,
        "10": 0.2015263225973354,
        "11": 0.21316776613633423,
        "12": 0.2105807786832234,
        "13": 0.21420256111757857,
        "14": 0.21885913853317812,
        "15": 0.22519725779329972,
        "16": 0.23101797956279913,
        "17": 0.2333462682705989,
        "18": 0.2342517138791877,
        "19": 0.22636140214719958,
        "20": 0.24110723062993145,
        "21": 0.23619195446902083,
        "22": 0.239813736903376,
        "23": 0.24434096494632002,
        "24": 0.2513258310697193,
        "25": 0.2558530591126633,
        "26": 0.2580519984478075,
        "27": 0.2594748415470185,
        "28": 0.26387272021730696,
        "29": 0.26426076833527357,
        "30": 0.2712456344586729,
        "31": 0.2708575863407062,
        "32": 0.27512611563833916,
        "33": 0.2718923813219506,
        "34": 0.27422067002975037,
        "35": 0.27771310309145003,
        "36": 0.2854740654507826,
        "37": 0.28030009054456084,
        "38": 0.2841805717242271,
        "39": 0.283663174233605,
        "40": 0.2837925236062605,
        "41": 0.28120553615314964
    },
    "xlstm_406m": {
        "0": 0.13116026387272023,
        "1": 0.15806493338507308,
        "2": 0.16582589574440565,
        "3": 0.1850989522700815,
        "4": 0.18522830164273704,
        "5": 0.19467080584659163,
        "6": 0.20126762385202432,
        "7": 0.20463070754106844,
        "8": 0.2112275255465011,
        "9": 0.22196352347691115,
        "10": 0.21497865735351185,
        "11": 0.22377441469408874,
        "12": 0.22933643771827705,
        "13": 0.2270081490104773,
        "14": 0.2342517138791877,
        "15": 0.23347561764325442,
        "16": 0.23166472642607683,
        "17": 0.24110723062993145,
        "18": 0.2497736385978528,