{
    "Accuracy": {
        "0.8_2_0.2": {
            "gpt2_209m": {
                "on_split": 0.12633333333333333,
                "total": 0.1621370612963144
            },
            "gpt2_355m": {
                "on_split": 0.142,
                "total": 0.17753446084661256
            },
            "mamba2_172m": {
                "on_split": 0.117,
                "total": 0.1611838889432007
            },
            "mamba2_432m": {
                "on_split": 0.134,
                "total": 0.18557532505621274
            },
            "xlstm_247m": {
                "on_split": 0.11166666666666666,
                "total": 0.1568090722455763
            },
            "xlstm_406m": {
                "on_split": 0.134,
                "total": 0.1732574054159742
            },
            "llama_208m": {
                "on_split": 0.143,
                "total": 0.1824714048294066
            },
            "llama_360m": {
                "on_split": 0.16,
                "total": 0.2014859712581875
            }
        },
        "0.2_2_0.8": {
            "gpt2_209m": {
                "on_split": 0.19566666666666666,
                "total": 0.1621370612963144
            },
            "gpt2_355m": {
                "on_split": 0.204,
                "total": 0.17753446084661256
            },
            "mamba2_172m": {
                "on_split": 0.191,
                "total": 0.1611838889432007
            },
            "mamba2_432m": {
                "on_split": 0.224,
                "total": 0.18557532505621274
            },
            "xlstm_247m": {
                "on_split": 0.19333333333333333,
                "total": 0.1568090722455763
            },
            "xlstm_406m": {
                "on_split": 0.21,
                "total": 0.1732574054159742
            },
            "llama_208m": {
                "on_split": 0.215,
                "total": 0.1824714048294066
            },
            "llama_360m": {
                "on_split": 0.23466666666666666,
                "total": 0.2014859712581875
            }
        }
    },
    "WASB": {
        "0.8_2_0.2": {
            "gpt2_209m": {
                "on_split": 0.16546105589558469,
                "total": 0.16042355882081996
            },
            "gpt2_355m": {
                "on_split": 0.18879839263835,
                "total": 0.17593416618240415
            },
            "mamba2_172m": {
                "on_split": 0.15792200875891446,
                "total": 0.16103855579487275
            },
            "mamba2_432m": {
                "on_split": 0.18099893616496815,
                "total": 0.1865506550311662
            },
            "xlstm_247m": {
                "on_split": 0.1719923194111784,
                "total": 0.15617510822021577
            },
            "xlstm_406m": {
                "on_split": 0.18028892599397287,
                "total": 0.17090750639786434
            },
            "llama_208m": {
                "on_split": 0.19708978257410562,
                "total": 0.18072317746771158
            },
            "llama_360m": {
                "on_split": 0.21795573946439858,
                "total": 0.20110719458388324
            }
        },
        "0.2_2_0.8": {
            "gpt2_209m": {
                "on_split": 0.16782875445280473,
                "total": 0.16042355882081996
            },
            "gpt2_355m": {
                "on_split": 0.17491389059047002,
                "total": 0.17593416618240415
            },
            "mamba2_172m": {
                "on_split": 0.15745767980617562,
                "total": 0.16103855579487275
            },
            "mamba2_432m": {
                "on_split": 0.1898014747167646,
                "total": 0.1865506550311662
            },
            "xlstm_247m": {
                "on_split": 0.15921883361759684,
                "total": 0.15617510822021577
            },
            "xlstm_406m": {
                "on_split": 0.17249698879780972,
                "total": 0.17090750639786434
            },
            "llama_208m": {
                "on_split": 0.17721098985416384,
                "total": 0.18072317746771158
            },
            "llama_360m": {
                "on_split": 0.20114536306398398,
                "total": 0.20110719458388324
            }
        }
    },
    "WAF": {
        "0.8_2_0.2": {
            "gpt2_209m": {
                "on_split": 0.13410649680805423,
                "total": 0.14886388634033765
            },
            "gpt2_355m": {
                "on_split": 0.14776222304885694,
                "total": 0.16265913609045976
            },
            "mamba2_172m": {
                "on_split": 0.12978110597019635,
                "total": 0.1495906944590839
            },
            "mamba2_432m": {
                "on_split": 0.1433716082277687,
                "total": 0.17326312194270405
            },
            "xlstm_247m": {
                "on_split": 0.12417347487900761,
                "total": 0.1435274090225542
            },
            "xlstm_406m": {
                "on_split": 0.14248582660716685,
                "total": 0.15765062833959512
            },
            "llama_208m": {
                "on_split": 0.15206138103887035,
                "total": 0.16635362517039082
            },
            "llama_360m": {
                "on_split": 0.17046609787527478,
                "total": 0.18621065520569935
            }
        },
        "0.2_2_0.8": {
            "gpt2_209m": {
                "on_split": 0.15769349398367768,
                "total": 0.14886388634033765
            },
            "gpt2_355m": {
                "on_split": 0.165153366210158,
                "total": 0.16265913609045976
            },
            "mamba2_172m": {
                "on_split": 0.1527137127643528,
                "total": 0.1495906944590839
            },
            "mamba2_432m": {
                "on_split": 0.18683251702724402,
                "total": 0.17326312194270405
            },
            "xlstm_247m": {
                "on_split": 0.1531743226732779,
                "total": 0.1435274090225542
            },
            "xlstm_406m": {
                "on_split": 0.16359399831345617,
                "total": 0.15765062833959512
            },
            "llama_208m": {
                "on_split": 0.17228276002677412,
                "total": 0.16635362517039082
            },
            "llama_360m": {
                "on_split": 0.19590885955841664,
                "total": 0.18621065520569935
            }
        }
    },
    "α": {
        "0.8_2_0.2": {
            "gpt2_209m": {
                "on_split": 0.06525974210345929,
                "total": 0.06435028211049516
            },
            "gpt2_355m": {
                "on_split": 0.0818921165602204,
                "total": 0.07447869127647044
            },
            "mamba2_172m": {
                "on_split": 0.06192187759183129,
                "total": 0.0644633774976078
            },
            "mamba2_432m": {
                "on_split": 0.07799669906471311,
                "total": 0.08068390103657273
            },
            "xlstm_247m": {
                "on_split": 0.06383138906653332,
                "total": 0.06466930349167234
            },
            "xlstm_406m": {
                "on_split": 0.07233795636128353,
                "total": 0.07318099506762972
            },
            "llama_208m": {
                "on_split": 0.08549986461326364,
                "total": 0.07948552697704424
            },
            "llama_360m": {
                "on_split": 0.10235881436960648,
                "total": 0.0918943519049455
            }
        },
        "0.2_2_0.8": {
            "gpt2_209m": {
                "on_split": 0.06922501871097218,
                "total": 0.06435028211049516
            },