{
    "Accuracy": {
        "0.8_2_0.2": {
            "gpt2_209m": {
                "on_split": 0.133,
                "total": 0.1621370612963144
            },
            "gpt2_355m": {
                "on_split": 0.151,
                "total": 0.17753446084661256
            },
            "mamba2_172m": {
                "on_split": 0.127,
                "total": 0.1611838889432007
            },
            "mamba2_432m": {
                "on_split": 0.135,
                "total": 0.18557532505621274
            },
            "xlstm_247m": {
                "on_split": 0.113,
                "total": 0.1568090722455763
            },
            "xlstm_406m": {
                "on_split": 0.136,
                "total": 0.1732574054159742
            },
            "llama_208m": {
                "on_split": 0.142,
                "total": 0.1824714048294066
            },
            "llama_360m": {
                "on_split": 0.159,
                "total": 0.2014859712581875
            }
        },
        "0.2_2_0.8": {
            "gpt2_209m": {
                "on_split": 0.182,
                "total": 0.1621370612963144
            },
            "gpt2_355m": {
                "on_split": 0.199,
                "total": 0.17753446084661256
            },
            "mamba2_172m": {
                "on_split": 0.174,
                "total": 0.1611838889432007
            },
            "mamba2_432m": {
                "on_split": 0.219,
                "total": 0.18557532505621274
            },
            "xlstm_247m": {
                "on_split": 0.193,
                "total": 0.1568090722455763
            },
            "xlstm_406m": {
                "on_split": 0.206,
                "total": 0.1732574054159742
            },
            "llama_208m": {
                "on_split": 0.219,
                "total": 0.1824714048294066
            },
            "llama_360m": {
                "on_split": 0.238,
                "total": 0.2014859712581875
            }
        }
    },
    "WASB": {
        "0.8_2_0.2": {
            "gpt2_209m": {
                "on_split": 0.1715163129512117,
                "total": 0.16042355882081996
            },
            "gpt2_355m": {
                "on_split": 0.19019872450778122,
                "total": 0.17593416618240415
            },
            "mamba2_172m": {
                "on_split": 0.16916413691979681,
                "total": 0.16103855579487275
            },
            "mamba2_432m": {
                "on_split": 0.16279711938395883,
                "total": 0.1865506550311662
            },
            "xlstm_247m": {
                "on_split": 0.15107722576755703,
                "total": 0.15617510822021577
            },
            "xlstm_406m": {
                "on_split": 0.1701692364535013,
                "total": 0.17090750639786434
            },
            "llama_208m": {
                "on_split": 0.15828921281329367,
                "total": 0.18072317746771158
            },
            "llama_360m": {
                "on_split": 0.18954533097199464,
                "total": 0.20110719458388324
            }
        },
        "0.2_2_0.8": {
            "gpt2_209m": {
                "on_split": 0.1476036664732712,
                "total": 0.16042355882081996
            },
            "gpt2_355m": {
                "on_split": 0.15418212696817407,
                "total": 0.17593416618240415
            },
            "mamba2_172m": {
                "on_split": 0.13624867294607731,
                "total": 0.16103855579487275
            },
            "mamba2_432m": {
                "on_split": 0.1844659399606321,
                "total": 0.1865506550311662
            },
            "xlstm_247m": {
                "on_split": 0.16107296022590234,
                "total": 0.15617510822021577
            },
            "xlstm_406m": {
                "on_split": 0.1679028822366959,
                "total": 0.17090750639786434
            },
            "llama_208m": {
                "on_split": 0.18443253424573652,
                "total": 0.18072317746771158
            },
            "llama_360m": {
                "on_split": 0.20601995848305338,
                "total": 0.20110719458388324
            }
        }
    },
    "WAF": {
        "0.8_2_0.2": {
            "gpt2_209m": {
                "on_split": 0.12856443973980194,
                "total": 0.14886388634033765
            },
            "gpt2_355m": {
                "on_split": 0.15767821066113577,
                "total": 0.16265913609045976
            },
            "mamba2_172m": {
                "on_split": 0.1438351341709324,
                "total": 0.1495906944590839
            },
            "mamba2_432m": {
                "on_split": 0.1375308923771876,
                "total": 0.17326312194270405
            },
            "xlstm_247m": {
                "on_split": 0.1010426128757433,
                "total": 0.1435274090225542
            },
            "xlstm_406m": {
                "on_split": 0.13731525176331427,
                "total": 0.15765062833959512
            },
            "llama_208m": {
                "on_split": 0.12782196979260424,
                "total": 0.16635362517039082
            },
            "llama_360m": {
                "on_split": 0.15177793576275267,
                "total": 0.18621065520569935
            }
        },
        "0.2_2_0.8": {
            "gpt2_209m": {
                "on_split": 0.1425093121335056,
                "total": 0.14886388634033765
            },
            "gpt2_355m": {
                "on_split": 0.1521747157377304,
                "total": 0.16265913609045976
            },
            "mamba2_172m": {
                "on_split": 0.13339860320715147,
                "total": 0.1495906944590839
            },
            "mamba2_432m": {
                "on_split": 0.18855118744098853,
                "total": 0.17326312194270405
            },
            "xlstm_247m": {
                "on_split": 0.16120911405399957,
                "total": 0.1435274090225542
            },
            "xlstm_406m": {
                "on_split": 0.16789380640454138,
                "total": 0.15765062833959512
            },
            "llama_208m": {
                "on_split": 0.17257662398911758,
                "total": 0.16635362517039082
            },
            "llama_360m": {
                "on_split": 0.2047519631517023,
                "total": 0.18621065520569935
            }
        }
    },
    "α": {
        "0.8_2_0.2": {
            "gpt2_209m": {
                "on_split": 0.06422013407780178,
                "total": 0.06435028211049516
            },
            "gpt2_355m": {
                "on_split": 0.06286994495507765,
                "total": 0.07447869127647044
            },
            "mamba2_172m": {
                "on_split": 0.05932066313556533,
                "total": 0.0644633774976078
            },
            "mamba2_432m": {
                "on_split": 0.05347841723234919,
                "total": 0.08068390103657273
            },
            "xlstm_247m": {
                "on_split": 0.04858446487252518,
                "total": 0.06466930349167234
            },
            "xlstm_406m": {
                "on_split": 0.053387979072809115,
                "total": 0.07318099506762972
            },
            "llama_208m": {
                "on_split": 0.05439452883530566,
                "total": 0.07948552697704424
            },
            "llama_360m": {
                "on_split": 0.06354020338425681,
                "total": 0.0918943519049455
            }
        },
        "0.2_2_0.8": {
            "gpt2_209m": {
                "on_split": 0.05183368407175061,
                "total": 0.06435028211049516
            },
            "gpt2_355m": {
                "on_split": 0.057028756605949256,