{
    "gpt2_209m": {
        "0": 0.22567621426763387,
        "1": 0.2233058061935793,
        "2": 0.2190763823905203,
        "3": 0.2215953025285813,
        "4": 0.20632107655548976,
        "5": 0.21782459042885774,
        "6": 0.21354879760168227,
        "7": 0.20195104841748648,
        "8": 0.2013969862784567,
        "9": 0.21502935047984384,
        "10": 0.19463994940323157,
        "11": 0.2087151139998972,
        "12": 0.1997986435734382,
        "13": 0.19714459409388166,
        "14": 0.20054937849262372,
        "15": 0.1975939473222324,
        "16": 0.20176118850284527,
        "17": 0.21174468181204814,
        "18": 0.2017622777198783,
        "19": 0.20622915048426355,
        "20": 0.20897139805276693,
        "21": 0.20918086202727376,
        "22": 0.21384866952677098,
        "23": 0.20849407467361275,
        "24": 0.22223881399756554,
        "25": 0.20975953990236534,
        "26": 0.21158471202822396,
        "27": 0.21840291419235908,
        "28": 0.22000405643826976,
        "29": 0.21889983033048696,
        "30": 0.21026259423573782,
        "31": 0.21643811526441356,
        "32": 0.21918046185219126,
        "33": 0.2204842493594319,
        "34": 0.2199987520671583,
        "35": 0.2263628234879627,
        "36": 0.22942762465007704,
        "37": 0.22371343915802003,
        "38": 0.2228480572926712,
        "39": 0.22182734951373886,
        "40": 0.21948744384723118,
        "41": 0.21850986775819833
    },
    "gpt2_355m": {
        "0": 0.22655617141537013,
        "1": 0.2344941836316558,
        "2": 0.23251524718175012,
        "3": 0.23246020215530916,
        "4": 0.21505333743792787,
        "5": 0.22052870240364641,
        "6": 0.22156759503579693,
        "7": 0.20791239722121657,
        "8": 0.21416842645984605,
        "9": 0.21021594693108242,
        "10": 0.2125702023474346,
        "11": 0.20676536193910705,
        "12": 0.20397244795577038,
        "13": 0.20660173636876147,
        "14": 0.21533835956163025,
        "15": 0.20578696946935526,
        "16": 0.21143014935258353,
        "17": 0.2180400451835577,
        "18": 0.22107981089867454,
        "19": 0.21534506924069133,
        "20": 0.22033410096302425,
        "21": 0.22026131209083796,
        "22": 0.21968349519902106,
        "23": 0.22611703468140743,
        "24": 0.22600170818816495,
        "25": 0.23081704948540643,
        "26": 0.23218929045937328,
        "27": 0.2368843316673881,
        "28": 0.23845297329874418,
        "29": 0.23461467388098647,
        "30": 0.23704151546489347,
        "31": 0.22992038744620025,
        "32": 0.24070590557479532,
        "33": 0.23990837914131244,
        "34": 0.23973043053585474,
        "35": 0.24633760365096666,
        "36": 0.2461409410353458,
        "37": 0.24152011533411868,
        "38": 0.24458968822121063,
        "39": 0.24288250338382866,
        "40": 0.24133783334676703,
        "41": 0.24032874500797205
    },
    "mamba2_172m": {
        "0": 0.192912331034828,
        "1": 0.1714435303856145,
        "2": 0.16786921242753422,
        "3": 0.17230475333790776,
        "4": 0.16774256053749428,
        "5": 0.1927595853488634,
        "6": 0.18399128616971194,
        "7": 0.18199023057573174,
        "8": 0.19165167871223338,
        "9": 0.19350941369738592,
        "10": 0.19608568233108153,
        "11": 0.20360256790249348,
        "12": 0.19756842843134295,
        "13": 0.19415846260622008,
        "14": 0.2009199293313464,
        "15": 0.1986064214031339,
        "16": 0.19731754436837393,
        "17": 0.21261199350206458,
        "18": 0.19752842109582777,
        "19": 0.19616922919596164,
        "20": 0.21329455117689433,
        "21": 0.20063596619303795,
        "22": 0.20893792956906393,
        "23": 0.20936983584349514,
        "24": 0.21651660524122268,
        "25": 0.21306722557149008,
        "26": 0.22028197698912672,
        "27": 0.21451564211085064,
        "28": 0.22079244000042017,
        "29": 0.2203330798386381,
        "30": 0.2221344450480669,
        "31": 0.22326020237840896,
        "32": 0.22549821991277005,
        "33": 0.2255397539073916,
        "34": 0.22802783604449697,
        "35": 0.22736883709264374,
        "36": 0.2322180776680871,
        "37": 0.2268133815145632,
        "38": 0.23039952446723164,
        "39": 0.22896898165010227,
        "40": 0.22997897944053403,
        "41": 0.22965220409231096
    },
    "mamba2_432m": {
        "0": 0.23093768462658634,
        "1": 0.2332341141927624,
        "2": 0.21958388676569962,
        "3": 0.20986161031733278,
        "4": 0.20891638894115783,
        "5": 0.21475761564532556,
        "6": 0.2121338152606761,
        "7": 0.19742114082390688,
        "8": 0.2135078030345873,
        "9": 0.21547565880480601,
        "10": 0.20574868213952702,
        "11": 0.19987718442530908,
        "12": 0.21431039577816682,
        "13": 0.20493748829134,
        "14": 0.2082359207752183,
        "15": 0.207711323013967,
        "16": 0.21313511193566215,
        "17": 0.2231202437266183,
        "18": 0.2246463553522565,
        "19": 0.22448194880506164,
        "20": 0.23286371763657296,
        "21": 0.23128048561266873,
        "22": 0.22655942258780742,
        "23": 0.2320556989670996,
        "24": 0.2317354632714656,
        "25": 0.2301857271242151,
        "26": 0.2428588800067485,
        "27": 0.24958837775618814,
        "28": 0.24756836237073152,
        "29": 0.25178427736585574,
        "30": 0.25447650112848624,
        "31": 0.25150939551848905,
        "32": 0.257193479176836,
        "33": 0.25415751733987574,
        "34": 0.2560655225851356,
        "35": 0.25934910416497864,
        "36": 0.2622720612433613,
        "37": 0.264276836997824,
        "38": 0.26280154036560327,
        "39": 0.2628751647411887,
        "40": 0.2631366861698333,
        "41": 0.26236920291830307
    },
    "xlstm_247m": {
        "0": 0.2260634381996071,
        "1": 0.2199659856980419,
        "2": 0.21777731649577853,
        "3": 0.21394006808536434,
        "4": 0.1953308479448755,
        "5": 0.2054008156311096,
        "6": 0.20189993993242863,
        "7": 0.20201283336257772,
        "8": 0.19384436142222636,
        "9": 0.2051340818514821,
        "10": 0.19597346738181207,
        "11": 0.19995144771532433,
        "12": 0.19589859578984334,
        "13": 0.20094482888983892,
        "14": 0.20232930985291553,
        "15": 0.20386204199414082,
        "16": 0.20545842051491053,
        "17": 0.21138081277644166,
        "18": 0.2026699517099939,
        "19": 0.19973236285751747,
        "20": 0.2126236411607248,
        "21": 0.20383806350068912,
        "22": 0.2027787096522866,
        "23": 0.2119103697952062,
        "24": 0.20971772014818799,
        "25": 0.21767954730449715,
        "26": 0.2161444496571168,
        "27": 0.21599732565288438,
        "28": 0.21877125903543526,
        "29": 0.21513047162826454,
        "30": 0.224246229804513,
        "31": 0.21945367305587918,
        "32": 0.22203640141335282,
        "33": 0.2144990146275514,
        "34": 0.2140256334322663,
        "35": 0.21794834959007964,
        "36": 0.22619284956819108,
        "37": 0.21798363776467863,
        "38": 0.22140650345791751,
        "39": 0.22049753492604504,
        "40": 0.22040056365705898,
        "41": 0.21791785891800347
    },
    "xlstm_406m": {
        "0": 0.2409633062872044,
        "1": 0.22782611082654622,
        "2": 0.2209817646375437,
        "3": 0.22566334418592426,
        "4": 0.21147587533985998,
        "5": 0.2130558843429982,
        "6": 0.21765055275798625,
        "7": 0.20199651941545374,
        "8": 0.21288291422731245,
        "9": 0.21923263396495682,
        "10": 0.20746502164344732,
        "11": 0.21254303704773164,
        "12": 0.2163482612426769,
        "13": 0.20925272504240816,
        "14": 0.2149157769371555,
        "15": 0.21044231498006152,
        "16": 0.20328807313631428,