{
    "Accuracy": {
        "0.8_8_0.2": {
            "gpt2_209m": {
                "on_split": 0.22066666666666668,
                "total": 0.280817488035183
            },
            "gpt2_355m": {
                "on_split": 0.243,
                "total": 0.30487647134911394
            },
            "mamba2_172m": {
                "on_split": 0.22633333333333333,
                "total": 0.2865088604320269
            },
            "mamba2_432m": {
                "on_split": 0.25533333333333336,
                "total": 0.3213038416763679
            },
            "xlstm_247m": {
                "on_split": 0.222,
                "total": 0.28120553615314964
            },
            "xlstm_406m": {
                "on_split": 0.24566666666666667,
                "total": 0.30759280817488033
            },
            "llama_208m": {
                "on_split": 0.24,
                "total": 0.3108265424912689
            },
            "llama_360m": {
                "on_split": 0.2713333333333333,
                "total": 0.3440693312637434
            }
        },
        "0.2_8_0.8": {
            "gpt2_209m": {
                "on_split": 0.32033333333333336,
                "total": 0.280817488035183
            },
            "gpt2_355m": {
                "on_split": 0.348,
                "total": 0.30487647134911394
            },
            "mamba2_172m": {
                "on_split": 0.32033333333333336,
                "total": 0.2865088604320269
            },
            "mamba2_432m": {
                "on_split": 0.36733333333333335,
                "total": 0.3213038416763679
            },
            "xlstm_247m": {
                "on_split": 0.31933333333333336,
                "total": 0.28120553615314964
            },
            "xlstm_406m": {
                "on_split": 0.35333333333333333,
                "total": 0.30759280817488033
            },
            "llama_208m": {
                "on_split": 0.357,
                "total": 0.3108265424912689
            },
            "llama_360m": {
                "on_split": 0.3933333333333333,
                "total": 0.3440693312637434
            }
        }
    },
    "WASB": {
        "0.8_8_0.2": {
            "gpt2_209m": {
                "on_split": 0.21653532584128696,
                "total": 0.21850986775819833
            },
            "gpt2_355m": {
                "on_split": 0.2438536354683324,
                "total": 0.24032874500797205
            },
            "mamba2_172m": {
                "on_split": 0.22445392991410348,
                "total": 0.22965220409231096
            },
            "mamba2_432m": {
                "on_split": 0.2517352694102437,
                "total": 0.26236920291830307
            },
            "xlstm_247m": {
                "on_split": 0.215449092611771,
                "total": 0.21791785891800347
            },
            "xlstm_406m": {
                "on_split": 0.24075661899727285,
                "total": 0.24253638742132502
            },
            "llama_208m": {
                "on_split": 0.23102344618400336,
                "total": 0.24183835773851492
            },
            "llama_360m": {
                "on_split": 0.2667526819955622,
                "total": 0.2796988044230999
            }
        },
        "0.2_8_0.8": {
            "gpt2_209m": {
                "on_split": 0.1988863407524763,
                "total": 0.21850986775819833
            },
            "gpt2_355m": {
                "on_split": 0.2321364631001911,
                "total": 0.24032874500797205
            },
            "mamba2_172m": {
                "on_split": 0.2157007630640932,
                "total": 0.22965220409231096
            },
            "mamba2_432m": {
                "on_split": 0.2547482831096315,
                "total": 0.26236920291830307
            },
            "xlstm_247m": {
                "on_split": 0.2033322538822136,
                "total": 0.21791785891800347
            },
            "xlstm_406m": {
                "on_split": 0.23953418498209497,
                "total": 0.24253638742132502
            },
            "llama_208m": {
                "on_split": 0.2218272447061711,
                "total": 0.24183835773851492
            },
            "llama_360m": {
                "on_split": 0.2653680464548637,
                "total": 0.2796988044230999
            }
        }
    },
    "WAF": {
        "0.8_8_0.2": {
            "gpt2_209m": {
                "on_split": 0.20335081186182635,
                "total": 0.21807265384443508
            },
            "gpt2_355m": {
                "on_split": 0.22626323863021583,
                "total": 0.23967280093102078
            },
            "mamba2_172m": {
                "on_split": 0.2138917930963642,
                "total": 0.2300282817549424
            },
            "mamba2_432m": {
                "on_split": 0.24366672028781647,
                "total": 0.25983868958793627
            },
            "xlstm_247m": {
                "on_split": 0.20428877932244263,
                "total": 0.21656791911569243
            },
            "xlstm_406m": {
                "on_split": 0.22891259273489825,
                "total": 0.23955582604546252
            },
            "llama_208m": {
                "on_split": 0.2223350958994895,
                "total": 0.2405964090461677
            },
            "llama_360m": {
                "on_split": 0.26074922792467836,
                "total": 0.2771837576838468
            }
        },
        "0.2_8_0.8": {
            "gpt2_209m": {
                "on_split": 0.22323761859121644,
                "total": 0.21807265384443508
            },
            "gpt2_355m": {
                "on_split": 0.25211576455666324,
                "total": 0.23967280093102078
            },
            "mamba2_172m": {
                "on_split": 0.2333040355885288,
                "total": 0.2300282817549424
            },
            "mamba2_432m": {
                "on_split": 0.27760085537740253,
                "total": 0.25983868958793627
            },
            "xlstm_247m": {
                "on_split": 0.22372938826523733,
                "total": 0.21656791911569243
            },
            "xlstm_406m": {
                "on_split": 0.2543369901884114,
                "total": 0.23955582604546252
            },
            "llama_208m": {
                "on_split": 0.24859714540602637,
                "total": 0.2405964090461677
            },
            "llama_360m": {
                "on_split": 0.28381982224010366,
                "total": 0.2771837576838468
            }
        }
    },
    "α": {
        "0.8_8_0.2": {
            "gpt2_209m": {
                "on_split": 0.077374315469496,
                "total": 0.08430039317718394
            },
            "gpt2_355m": {
                "on_split": 0.09869374869630794,
                "total": 0.09810467693283063
            },
            "mamba2_172m": {
                "on_split": 0.08258175751487423,
                "total": 0.0869815947208172
            },
            "mamba2_432m": {
                "on_split": 0.10432314754486566,
                "total": 0.10639820113451709
            },
            "xlstm_247m": {
                "on_split": 0.08133988766842148,
                "total": 0.08668778001473744
            },
            "xlstm_406m": {
                "on_split": 0.09788487632907923,
                "total": 0.10020137912743446
            },
            "llama_208m": {
                "on_split": 0.09543214597275991,
                "total": 0.1034825812259786
            },
            "llama_360m": {
                "on_split": 0.11848504274049178,
                "total": 0.12063013213946207
            }
        },
        "0.2_8_0.8": {
            "gpt2_209m": {
                "on_split": 0.08486860449610117,