{
    "Accuracy": {
        "0.8_64_0.2": {
            "gpt2_209m": {
                "on_split": 0.276,
                "total": 0.280817488035183
            },
            "gpt2_355m": {
                "on_split": 0.304,
                "total": 0.30487647134911394
            },
            "mamba2_172m": {
                "on_split": 0.292,
                "total": 0.2865088604320269
            },
            "mamba2_432m": {
                "on_split": 0.344,
                "total": 0.3213038416763679
            },
            "xlstm_247m": {
                "on_split": 0.288,
                "total": 0.28120553615314964
            },
            "xlstm_406m": {
                "on_split": 0.322,
                "total": 0.30759280817488033
            },
            "llama_208m": {
                "on_split": 0.298,
                "total": 0.3108265424912689
            },
            "llama_360m": {
                "on_split": 0.376,
                "total": 0.3440693312637434
            }
        },
        "0.2_64_0.8": {
            "gpt2_209m": {
                "on_split": 0.47,
                "total": 0.280817488035183
            },
            "gpt2_355m": {
                "on_split": 0.508,
                "total": 0.30487647134911394
            },
            "mamba2_172m": {
                "on_split": 0.47,
                "total": 0.2865088604320269
            },
            "mamba2_432m": {
                "on_split": 0.524,
                "total": 0.3213038416763679
            },
            "xlstm_247m": {
                "on_split": 0.476,
                "total": 0.28120553615314964
            },
            "xlstm_406m": {
                "on_split": 0.52,
                "total": 0.30759280817488033
            },
            "llama_208m": {
                "on_split": 0.544,
                "total": 0.3108265424912689
            },
            "llama_360m": {
                "on_split": 0.56,
                "total": 0.3440693312637434
            }
        }
    },
    "WASB": {
        "0.8_64_0.2": {
            "gpt2_209m": {
                "on_split": 0.2252004360678121,
                "total": 0.21850986775819833
            },
            "gpt2_355m": {
                "on_split": 0.2486096847206238,
                "total": 0.24032874500797205
            },
            "mamba2_172m": {
                "on_split": 0.22354949615145134,
                "total": 0.22965220409231096
            },
            "mamba2_432m": {
                "on_split": 0.2891873250342021,
                "total": 0.26236920291830307
            },
            "xlstm_247m": {
                "on_split": 0.2152976270245648,
                "total": 0.21791785891800347
            },
            "xlstm_406m": {
                "on_split": 0.2387905339852068,
                "total": 0.24253638742132502
            },
            "llama_208m": {
                "on_split": 0.19831895089110957,
                "total": 0.24183835773851492
            },
            "llama_360m": {
                "on_split": 0.3023413569092743,
                "total": 0.2796988044230999
            }
        },
        "0.2_64_0.8": {
            "gpt2_209m": {
                "on_split": 0.23275941155926838,
                "total": 0.21850986775819833
            },
            "gpt2_355m": {
                "on_split": 0.2801713447297053,
                "total": 0.24032874500797205
            },
            "mamba2_172m": {
                "on_split": 0.2510566140916552,
                "total": 0.22965220409231096
            },
            "mamba2_432m": {
                "on_split": 0.29559733674553756,
                "total": 0.26236920291830307
            },
            "xlstm_247m": {
                "on_split": 0.25976427604228003,
                "total": 0.21791785891800347
            },
            "xlstm_406m": {
                "on_split": 0.2704074092300037,
                "total": 0.24253638742132502
            },
            "llama_208m": {
                "on_split": 0.29240562134575165,
                "total": 0.24183835773851492
            },
            "llama_360m": {
                "on_split": 0.2948752187754601,
                "total": 0.2796988044230999
            }
        }
    },
    "WAF": {
        "0.8_64_0.2": {
            "gpt2_209m": {
                "on_split": 0.22086137321065796,
                "total": 0.21807265384443508
            },
            "gpt2_355m": {
                "on_split": 0.24976742750449496,
                "total": 0.23967280093102078
            },
            "mamba2_172m": {
                "on_split": 0.2266205785834981,
                "total": 0.2300282817549424
            },
            "mamba2_432m": {
                "on_split": 0.295599566198253,
                "total": 0.25983868958793627
            },
            "xlstm_247m": {
                "on_split": 0.21717403037155586,
                "total": 0.21656791911569243
            },
            "xlstm_406m": {
                "on_split": 0.23573729946380356,
                "total": 0.23955582604546252
            },
            "llama_208m": {
                "on_split": 0.19688386212383957,
                "total": 0.2405964090461677
            },
            "llama_360m": {
                "on_split": 0.29655845631893235,
                "total": 0.2771837576838468
            }
        },
        "0.2_64_0.8": {
            "gpt2_209m": {
                "on_split": 0.23833045385410678,
                "total": 0.21807265384443508
            },
            "gpt2_355m": {
                "on_split": 0.2809435842641049,
                "total": 0.23967280093102078
            },
            "mamba2_172m": {
                "on_split": 0.2554286940721724,
                "total": 0.2300282817549424
            },
            "mamba2_432m": {
                "on_split": 0.2871488904538348,
                "total": 0.25983868958793627
            },
            "xlstm_247m": {
                "on_split": 0.2617190965228971,
                "total": 0.21656791911569243
            },
            "xlstm_406m": {
                "on_split": 0.2724983755677383,
                "total": 0.23955582604546252
            },
            "llama_208m": {
                "on_split": 0.28443515381267925,
                "total": 0.2405964090461677
            },
            "llama_360m": {
                "on_split": 0.2923940630068261,
                "total": 0.2771837576838468
            }
        }
    },
    "α": {
        "0.8_64_0.2": {
            "gpt2_209m": {
                "on_split": 0.07946370075307779,
                "total": 0.08430039317718394
            },
            "gpt2_355m": {
                "on_split": 0.08716637625432204,
                "total": 0.09810467693283063
            },
            "mamba2_172m": {
                "on_split": 0.08249534440443912,
                "total": 0.0869815947208172
            },
            "mamba2_432m": {
                "on_split": 0.10523163747369423,
                "total": 0.10639820113451709
            },
            "xlstm_247m": {
                "on_split": 0.08214471687080321,
                "total": 0.08668778001473744
            },
            "xlstm_406m": {
                "on_split": 0.10020581088503691,
                "total": 0.10020137912743446
            },
            "llama_208m": {
                "on_split": 0.08742849482787741,
                "total": 0.1034825812259786
            },
            "llama_360m": {
                "on_split": 0.1295593288162964,
                "total": 0.12063013213946207
            }
        },
        "0.2_64_0.8": {
            "gpt2_209m": {
                "on_split": 0.11085799717305321,
                "total": 0.08430039317718394
            },
            "gpt2_355m": {
                "on_split": 0.1270722614727505,