{
    "Accuracy": {
        "0.8_3_0.2": {
            "gpt2_209m": {
                "on_split": 0.116,
                "total": 0.1621370612963144
            },
            "gpt2_355m": {
                "on_split": 0.128,
                "total": 0.17753446084661256
            },
            "mamba2_172m": {
                "on_split": 0.121,
                "total": 0.1611838889432007
            },
            "mamba2_432m": {
                "on_split": 0.143,
                "total": 0.18557532505621274
            },
            "xlstm_247m": {
                "on_split": 0.116,
                "total": 0.1568090722455763
            },
            "xlstm_406m": {
                "on_split": 0.139,
                "total": 0.1732574054159742
            },
            "llama_208m": {
                "on_split": 0.131,
                "total": 0.1824714048294066
            },
            "llama_360m": {
                "on_split": 0.159,
                "total": 0.2014859712581875
            }
        },
        "0.2_3_0.8": {
            "gpt2_209m": {
                "on_split": 0.202,
                "total": 0.1621370612963144
            },
            "gpt2_355m": {
                "on_split": 0.213,
                "total": 0.17753446084661256
            },
            "mamba2_172m": {
                "on_split": 0.198,
                "total": 0.1611838889432007
            },
            "mamba2_432m": {
                "on_split": 0.235,
                "total": 0.18557532505621274
            },
            "xlstm_247m": {
                "on_split": 0.195,
                "total": 0.1568090722455763
            },
            "xlstm_406m": {
                "on_split": 0.214,
                "total": 0.1732574054159742
            },
            "llama_208m": {
                "on_split": 0.221,
                "total": 0.1824714048294066
            },
            "llama_360m": {
                "on_split": 0.253,
                "total": 0.2014859712581875
            }
        }
    },
    "WASB": {
        "0.8_3_0.2": {
            "gpt2_209m": {
                "on_split": 0.1531819107921201,
                "total": 0.16042355882081996
            },
            "gpt2_355m": {
                "on_split": 0.16157755353364367,
                "total": 0.17593416618240415
            },
            "mamba2_172m": {
                "on_split": 0.1652881938832254,
                "total": 0.16103855579487275
            },
            "mamba2_432m": {
                "on_split": 0.17565914492426243,
                "total": 0.1865506550311662
            },
            "xlstm_247m": {
                "on_split": 0.1597667556465099,
                "total": 0.15617510822021577
            },
            "xlstm_406m": {
                "on_split": 0.17460707363622177,
                "total": 0.17090750639786434
            },
            "llama_208m": {
                "on_split": 0.18165981083523167,
                "total": 0.18072317746771158
            },
            "llama_360m": {
                "on_split": 0.1883919331508723,
                "total": 0.20110719458388324
            }
        },
        "0.2_3_0.8": {
            "gpt2_209m": {
                "on_split": 0.14362557057352496,
                "total": 0.16042355882081996
            },
            "gpt2_355m": {
                "on_split": 0.15461785327189942,
                "total": 0.17593416618240415
            },
            "mamba2_172m": {
                "on_split": 0.14788562197176183,
                "total": 0.16103855579487275
            },
            "mamba2_432m": {
                "on_split": 0.17923608226857676,
                "total": 0.1865506550311662
            },
            "xlstm_247m": {
                "on_split": 0.14736381543144533,
                "total": 0.15617510822021577
            },
            "xlstm_406m": {
                "on_split": 0.15965298959586469,
                "total": 0.17090750639786434
            },
            "llama_208m": {
                "on_split": 0.157116200235381,
                "total": 0.18072317746771158
            },
            "llama_360m": {
                "on_split": 0.19026856146613236,
                "total": 0.20110719458388324
            }
        }
    },
    "WAF": {
        "0.8_3_0.2": {
            "gpt2_209m": {
                "on_split": 0.1363792420005046,
                "total": 0.14886388634033765
            },
            "gpt2_355m": {
                "on_split": 0.13268662475618234,
                "total": 0.16265913609045976
            },
            "mamba2_172m": {
                "on_split": 0.13189866162575725,
                "total": 0.1495906944590839
            },
            "mamba2_432m": {
                "on_split": 0.1526185263021794,
                "total": 0.17326312194270405
            },
            "xlstm_247m": {
                "on_split": 0.12481901135957686,
                "total": 0.1435274090225542
            },
            "xlstm_406m": {
                "on_split": 0.15913884296221648,
                "total": 0.15765062833959512
            },
            "llama_208m": {
                "on_split": 0.14506987606232472,
                "total": 0.16635362517039082
            },
            "llama_360m": {
                "on_split": 0.17034374967826993,
                "total": 0.18621065520569935
            }
        },
        "0.2_3_0.8": {
            "gpt2_209m": {
                "on_split": 0.15817366531859717,
                "total": 0.14886388634033765
            },
            "gpt2_355m": {
                "on_split": 0.16405779391769357,
                "total": 0.16265913609045976
            },
            "mamba2_172m": {
                "on_split": 0.16066144394824097,
                "total": 0.1495906944590839
            },
            "mamba2_432m": {
                "on_split": 0.18308934063327587,
                "total": 0.17326312194270405
            },
            "xlstm_247m": {
                "on_split": 0.15331674152063027,
                "total": 0.1435274090225542
            },
            "xlstm_406m": {
                "on_split": 0.16792434972748446,
                "total": 0.15765062833959512
            },
            "llama_208m": {
                "on_split": 0.1651103546434613,
                "total": 0.16635362517039082
            },
            "llama_360m": {
                "on_split": 0.20368048075270728,
                "total": 0.18621065520569935
            }
        }
    },
    "α": {
        "0.8_3_0.2": {
            "gpt2_209m": {
                "on_split": 0.041662344709439865,
                "total": 0.06435028211049516
            },
            "gpt2_355m": {
                "on_split": 0.05007433640196746,
                "total": 0.07447869127647044
            },
            "mamba2_172m": {
                "on_split": 0.04610100139346497,
                "total": 0.0644633774976078
            },
            "mamba2_432m": {
                "on_split": 0.05874714469546407,
                "total": 0.08068390103657273
            },
            "xlstm_247m": {
                "on_split": 0.042501816304361346,
                "total": 0.06466930349167234
            },
            "xlstm_406m": {
                "on_split": 0.061889999169924756,
                "total": 0.07318099506762972
            },
            "llama_208m": {
                "on_split": 0.0634570903718987,
                "total": 0.07948552697704424
            },
            "llama_360m": {
                "on_split": 0.0694273393160088,
                "total": 0.0918943519049455
            }
        },
        "0.2_3_0.8": {
            "gpt2_209m": {
                "on_split": 0.052869703385290234,
                "total": 0.06435028211049516
            },
            "gpt2_355m": {
                "on_split": 0.061338796821942,