{
    "gpt2_209m": {
        "0": 0.16519765584993806,
        "1": 0.17370770629748963,
        "2": 0.174721706483767,
        "3": 0.18629753668708926,
        "4": 0.17434186416245914,
        "5": 0.19122394863693395,
        "6": 0.1896996131310154,
        "7": 0.18083658033850675,
        "8": 0.1838110463951401,
        "9": 0.19785994436343055,
        "10": 0.17729124315697645,
        "11": 0.193190654209432,
        "12": 0.18511468845319137,
        "13": 0.18263307454490343,
        "14": 0.1881400029272333,
        "15": 0.18599425220881094,
        "16": 0.19035911828278015,
        "17": 0.20133226895409567,
        "18": 0.1933225033904388,
        "19": 0.19750683569321942,
        "20": 0.20088379122542513,
        "21": 0.200713545120956,
        "22": 0.20742487974661827,
        "23": 0.2024792358801371,
        "24": 0.2169914882011574,
        "25": 0.2039289886574165,
        "26": 0.20646989939787266,
        "27": 0.21306325915005495,
        "28": 0.2155608015227317,
        "29": 0.2145553609167503,
        "30": 0.20482848654134983,
        "31": 0.2137682435153794,
        "32": 0.21643820029774835,
        "33": 0.2194127716377369,
        "34": 0.2185762031676002,
        "35": 0.22534185359384337,
        "36": 0.22814604524012785,
        "37": 0.22308410439772416,
        "38": 0.22184626041816816,
        "39": 0.22070112268960898,
        "40": 0.2187677008917877,
        "41": 0.21807265384443508
    },
    "gpt2_355m": {
        "0": 0.17026536648198512,
        "1": 0.18235981714168592,
        "2": 0.1857445274721451,
        "3": 0.1944741028042119,
        "4": 0.17884406976346506,
        "5": 0.1889141824659389,
        "6": 0.19662608940832813,
        "7": 0.18334683351655373,
        "8": 0.19183685957334606,
        "9": 0.18941737111973225,
        "10": 0.19435540319213626,
        "11": 0.19035459727818294,
        "12": 0.1891896341479895,
        "13": 0.19313887987314424,
        "14": 0.2017890752858298,
        "15": 0.19409419176005346,
        "16": 0.20090061467930742,
        "17": 0.20526886699155794,
        "18": 0.2113790303604307,
        "19": 0.20621883217451037,
        "20": 0.2130036967772114,
        "21": 0.21253441535837306,
        "22": 0.2129314288188181,
        "23": 0.21888404210330378,
        "24": 0.21968692209340338,
        "25": 0.22523948164151603,
        "26": 0.2282090479594522,
        "27": 0.23120156476774884,
        "28": 0.23280860841255835,
        "29": 0.22959131644898817,
        "30": 0.23261371294057506,
        "31": 0.22631975816583985,
        "32": 0.23716414120750934,
        "33": 0.23692289101912287,
        "34": 0.2377741364366598,
        "35": 0.2449849321309494,
        "36": 0.24534505995885725,
        "37": 0.2399548777153951,
        "38": 0.24402584548563294,
        "39": 0.24160121881261035,
        "40": 0.2404062807435036,
        "41": 0.23967280093102078
    },
    "mamba2_172m": {
        "0": 0.15287737143615948,
        "1": 0.1289470869904835,
        "2": 0.13488777157736154,
        "3": 0.14549259071948498,
        "4": 0.14236319136652872,
        "5": 0.17227379457642622,
        "6": 0.1585475385380192,
        "7": 0.1611032524581429,
        "8": 0.17117656209675822,
        "9": 0.1783411133825317,
        "10": 0.1802149389400114,
        "11": 0.18854880527217302,
        "12": 0.18319058372825114,
        "13": 0.18188714010753712,
        "14": 0.1895198677856154,
        "15": 0.1891959711545405,
        "16": 0.1877258816509631,
        "17": 0.20317919969197132,
        "18": 0.1901364147631603,
        "19": 0.18936784819166755,
        "20": 0.20845753139340997,
        "21": 0.19455809025813403,
        "22": 0.20439805759312657,
        "23": 0.20395968687277952,
        "24": 0.21121846713686937,
        "25": 0.20851416322597152,
        "26": 0.21618113711316791,
        "27": 0.21016424125899252,
        "28": 0.21671622440574118,
        "29": 0.21721394568334448,
        "30": 0.21893183960520474,
        "31": 0.22131844185338853,
        "32": 0.223033838865544,
        "33": 0.22512620389497198,
        "34": 0.22814755768728942,
        "35": 0.22721564513981976,
        "36": 0.2311589758090623,
        "37": 0.2272984053405749,
        "38": 0.2311837194950906,
        "39": 0.22908161726952403,
        "40": 0.23012431508482287,
        "41": 0.2300282817549424
    },
    "mamba2_432m": {
        "0": 0.18056344018441814,
        "1": 0.18108977171641374,
        "2": 0.1777005194385899,
        "3": 0.17797166735879327,
        "4": 0.17826389596108774,
        "5": 0.18484081702973756,
        "6": 0.1857289728742827,
        "7": 0.17396438224694336,
        "8": 0.19170063554384947,
        "9": 0.19794430746363048,
        "10": 0.19137475058307873,
        "11": 0.182274986819635,
        "12": 0.20045802414339917,
        "13": 0.18981527341325477,
        "14": 0.1951643247870542,
        "15": 0.19622702787942226,
        "16": 0.20253793116256355,
        "17": 0.21199872487145757,
        "18": 0.21285235890534507,
        "19": 0.21510506642225624,
        "20": 0.22428711834806359,
        "21": 0.2224379815742021,
        "22": 0.2186655591819477,
        "23": 0.22393885915978692,
        "24": 0.22367260822430057,
        "25": 0.22270206222935554,
        "26": 0.2356138918699837,
        "27": 0.24308709877364076,
        "28": 0.24017201872050228,
        "29": 0.24639721488497157,
        "30": 0.2493384174789618,
        "31": 0.24704617596862888,
        "32": 0.25274193436848175,
        "33": 0.2509764735027191,
        "34": 0.25444845752972317,
        "35": 0.257514413017678,
        "36": 0.2593479776639303,
        "37": 0.2612701704899695,
        "38": 0.25997070690795027,
        "39": 0.26014719237362194,
        "40": 0.2601970806883853,
        "41": 0.25983868958793627
    },
    "xlstm_247m": {
        "0": 0.1708805162374685,
        "1": 0.17231064505603647,
        "2": 0.17230539332504888,
        "3": 0.18106027594806673,
        "4": 0.16000910071860666,
        "5": 0.17609745811638408,
        "6": 0.17469954327045828,
        "7": 0.17912400214462496,
        "8": 0.1697445113402583,
        "9": 0.1846883057360175,
        "10": 0.17665378850571548,
        "11": 0.18151361577811106,
        "12": 0.1792432594214108,
        "13": 0.18542598385389886,
        "14": 0.19051101011437194,
        "15": 0.19324199433793993,
        "16": 0.19487939886270422,
        "17": 0.20128923092268963,
        "18": 0.19164331743013915,
        "19": 0.19168786173317953,
        "20": 0.20386080178478555,
        "21": 0.19431354447338012,
        "22": 0.1944173342965399,
        "23": 0.20554896971903217,
        "24": 0.20196147536528844,
        "25": 0.21149540107295492,
        "26": 0.20964567304776047,
        "27": 0.20855969862070348,
        "28": 0.21346173457071443,
        "29": 0.2092888497882835,
        "30": 0.2193606177842364,
        "31": 0.21500264930959695,
        "32": 0.21823979850515393,
        "33": 0.21157567437006264,
        "34": 0.21238861360846525,
        "35": 0.21622725276364002,
        "36": 0.2243332117995996,
        "37": 0.21645806355462954,
        "38": 0.21974091133233772,
        "39": 0.21875583635320753,
        "40": 0.21851641767066865,
        "41": 0.21656791911569243
    },
    "xlstm_406m": {
        "0": 0.17763934518403768,
        "1": 0.17849562975312733,
        "2": 0.1735394455398941,
        "3": 0.18670685013063557,
        "4": 0.1802217142483087,
        "5": 0.1845645272230338,
        "6": 0.19064513119317247,
        "7": 0.17872797425823872,
        "8": 0.19304998808608778,
        "9": 0.19553139870429262,
        "10": 0.19037425462288016,
        "11": 0.19457709890004785,
        "12": 0.19984750300775905,
        "13": 0.19224516842380815,
        "14": 0.2024769990968317,
        "15": 0.19773513520627128,
        "16": 0.1916877016164921,
        "17": 0.20022457648976835,