{
    "gpt2_209m": {
        "0": 0.06430247336005475,
        "1": 0.0791133053084368,
        "2": 0.08632319874865578,
        "3": 0.09433962264150944,
        "4": 0.09583048196304624,
        "5": 0.10394466712288591,
        "6": 0.1067797438654805,
        "7": 0.10763515495160818,
        "8": 0.10824616287027079,
        "9": 0.11924430540619807,
        "10": 0.11198553133248607,
        "11": 0.11577378042819435,
        "12": 0.11689803499853359,
        "13": 0.12188385961482061,
        "14": 0.1247189363574152,
        "15": 0.1194398279401701,
        "16": 0.12371688337080848,
        "17": 0.13051129142633688,
        "18": 0.1320021507478737,
        "19": 0.1291670740052791,
        "20": 0.13557043699286342,
        "21": 0.1343973017890312,
        "22": 0.13850327500244403,
        "23": 0.1374034607488513,
        "24": 0.1432691367680125,
        "25": 0.1411917098445596,
        "26": 0.14502883957376086,
        "27": 0.14776615504936944,
        "28": 0.15089451559292208,
        "29": 0.15309414410010755,
        "30": 0.15272753934890995,
        "31": 0.15123668002737314,
        "32": 0.15258089744843092,
        "33": 0.1553182129240395,
        "34": 0.1581777299833806,
        "35": 0.16130609052693323,
        "36": 0.1621615016130609,
        "37": 0.16057288102453807,
        "38": 0.162552546681005,
        "39": 0.16199041939583536,
        "40": 0.16243034509727247,
        "41": 0.1621370612963144
    },
    "gpt2_355m": {
        "0": 0.06806628213901653,
        "1": 0.08236386743572197,
        "2": 0.09206667318408447,
        "3": 0.09925212630755695,
        "4": 0.10172059829895395,
        "5": 0.10516668296021116,
        "6": 0.11269430051813471,
        "7": 0.1101769478932447,
        "8": 0.11618926581288494,
        "9": 0.11836445400332388,
        "10": 0.11978199237462117,
        "11": 0.12249486753348324,
        "12": 0.12357024147032945,
        "13": 0.12239710626649722,
        "14": 0.13183106853064816,
        "15": 0.12535438459282433,
        "16": 0.1306579333268159,
        "17": 0.1363280868120051,
        "18": 0.14297585296705445,
        "19": 0.14026297780819239,
        "20": 0.14309805455078697,
        "21": 0.1441734284876332,
        "22": 0.1489637305699482,
        "23": 0.14979470133932934,
        "24": 0.15348518916805162,
        "25": 0.15304526346661454,
        "26": 0.15504936943982794,
        "27": 0.16059732134128457,
        "28": 0.16135497116042624,
        "29": 0.16375012220158372,
        "30": 0.16719620686284095,
        "31": 0.16340795776713266,
        "32": 0.16646299736044579,
        "33": 0.16880926776811028,
        "34": 0.17269527813080457,
        "35": 0.17565255645713168,
        "36": 0.17838987193274025,
        "37": 0.17484602600449703,
        "38": 0.17826767034900773,
        "39": 0.1777299833805846,
        "40": 0.17748558021311955,
        "41": 0.17753446084661256
    },
    "mamba2_172m": {
        "0": 0.05770358783849839,
        "1": 0.06119855313324861,
        "2": 0.06897057385863721,
        "3": 0.0742252419591358,
        "4": 0.08026200019552253,
        "5": 0.09008700752761756,
        "6": 0.0981034314204712,
        "7": 0.09658813178218789,
        "8": 0.10665754228174797,
        "9": 0.11078795581190733,
        "10": 0.11374523413823444,
        "11": 0.11838889432007038,
        "12": 0.11621370612963144,
        "13": 0.12009971649232574,
        "14": 0.1228125916511878,
        "15": 0.12031967934304429,
        "16": 0.12366800273731547,
        "17": 0.1311222993449995,
        "18": 0.12894711115456056,
        "19": 0.12730960993254473,
        "20": 0.13319972626845245,
        "21": 0.1310734187115065,
        "22": 0.13522827255841235,
        "23": 0.13904096197086716,
        "24": 0.14392902532016816,
        "25": 0.14238928536513834,
        "26": 0.1481083194838205,
        "27": 0.14258480789911038,
        "28": 0.1461530941441001,
        "29": 0.1476195131488904,
        "30": 0.1484260436015251,
        "31": 0.1525075764981914,
        "32": 0.15509825007332095,
        "33": 0.15504936943982794,
        "34": 0.15776224459869,
        "35": 0.1576889236484505,
        "36": 0.16049956007429855,
        "37": 0.15932642487046633,
        "38": 0.16059732134128457,
        "39": 0.16067064229152409,
        "40": 0.16130609052693323,
        "41": 0.1611838889432007
    },
    "mamba2_432m": {
        "0": 0.06620881806628214,
        "1": 0.08605435526444423,
        "2": 0.09267768110274709,
        "3": 0.09988757454296608,
        "4": 0.10538664581092971,
        "5": 0.106755303548734,
        "6": 0.11225437481669763,
        "7": 0.11083683644540034,
        "8": 0.1179489686186333,
        "9": 0.11816893146935184,
        "10": 0.11951314889040962,
        "11": 0.12049076156026982,
        "12": 0.1265764004301496,
        "13": 0.12928927558901163,
        "14": 0.12789617753446084,
        "15": 0.13016912699188582,
        "16": 0.133517450386157,
        "17": 0.1398474924235018,
        "18": 0.14116726952781308,
        "19": 0.1421693225144198,
        "20": 0.1485238048685111,
        "21": 0.14974582070583634,
        "22": 0.1505279108417245,
        "23": 0.1518476879460358,
        "24": 0.15661354971160427,
        "25": 0.15370515201877016,
        "26": 0.16335907713363965,
        "27": 0.16382344315182326,
        "28": 0.16712288591260144,
        "29": 0.17262195718056506,
        "30": 0.17359956985042527,
        "31": 0.17335516668296022,
        "32": 0.17834099129924724,
        "33": 0.1780477074982892,
        "34": 0.1800273731547561,
        "35": 0.18215368071170202,
        "36": 0.184426630169127,
        "37": 0.18430442858539448,
        "38": 0.1849154365040571,
        "39": 0.1858197282236778,
        "40": 0.18518427998826864,
        "41": 0.18557532505621274
    },
    "xlstm_247m": {
        "0": 0.06217616580310881,
        "1": 0.0747873692443054,
        "2": 0.0869097663505719,
        "3": 0.0917245087496334,
        "4": 0.09104017988073125,
        "5": 0.09861667807214781,
        "6": 0.10567992961188777,
        "7": 0.10621761658031088,
        "8": 0.106755303548734,
        "9": 0.11381855508847395,
        "10": 0.10394466712288591,
        "11": 0.11533385472675727,
        "12": 0.1121321732329651,
        "13": 0.11721575911623815,
        "14": 0.12132173232965099,
        "15": 0.12095512757845342,
        "16": 0.1247433766741617,
        "17": 0.12652751979665655,
        "18": 0.12928927558901163,
        "19": 0.12435233160621761,
        "20": 0.13359077133639652,
        "21": 0.12743181151627725,
        "22": 0.13334636816893147,
        "23": 0.13535047414214488,
        "24": 0.13718349789813275,
        "25": 0.14043406002541792,
        "26": 0.14229152409815232,
        "27": 0.1422426434646593,
        "28": 0.14314693518427998,
        "29": 0.14632417636132564,
        "30": 0.14783947599960895,
        "31": 0.15069899305895004,
        "32": 0.14979470133932934,
        "33": 0.1538762342359957,
        "34": 0.15231205396421937,
        "35": 0.1558558998924626,
        "36": 0.15803108808290156,
        "37": 0.15698015446280184,
        "38": 0.15866653631831068,
        "39": 0.15688239319581582,
        "40": 0.15756672206471795,
        "41": 0.1568090722455763
    },
    "xlstm_406m": {
        "0": 0.0640580701925897,
        "1": 0.08026200019552253,
        "2": 0.09013588816111057,
        "3": 0.09685697526639946,
        "4": 0.09839671522142927,
        "5": 0.10264933033532114,
        "6": 0.11032358979372373,
        "7": 0.11100791866262587,
        "8": 0.11484504839182716,
        "9": 0.12144393391338351,
        "10": 0.1160426239124059,
        "11": 0.11895102160524,
        "12": 0.12335027861961091,
        "13": 0.12532994427607783,
        "14": 0.13307752468471992,
        "15": 0.12792061785120734,
        "16": 0.12694300518134716,