{
    "all_slices": {
        "alphas": {
            "gpt2_124m": 0.08150057702403399,
            "gpt2_209m": 0.08994159452815936,
            "gpt2_355m": 0.09653005399422039,
            "mamba2_172m": 0.0872992560942699,
            "mamba2_432m": 0.09902470781462465,
            "xlstm_247m": 0.08941628810630636
        },
        "x_0": 0.29153219592612895,
        "L_0": 0.0
    }
}