{
    "0": {
        "alphas": {
            "gpt2_124m": 0.09940317397642483,
            "gpt2_209m": 0.09641087136872858,
            "gpt2_355m": 0.10183911703501404,
            "mamba2_172m": 0.08728763902984074,
            "mamba2_432m": 0.10088313305730369,
            "xlstm_247m": 0.09305335154953125
        },
        "x_0": 0.38777570333892236,
        "L_0": 0.0
    },
    "1": {
        "alphas": {
            "gpt2_124m": 0.10036743297710618,
            "gpt2_209m": 0.10068309708794775,
            "gpt2_355m": 0.10599310650660701,
            "mamba2_172m": 0.07533061586724565,
            "mamba2_432m": 0.10801685462833903,
            "xlstm_247m": 0.09832070220962347
        },
        "x_0": 0.3766704823100075,
        "L_0": 0.0
    },
    "2": {
        "alphas": {
            "gpt2_124m": 0.09351178017808796,
            "gpt2_209m": 0.0957287728072383,
            "gpt2_355m": 0.10324639789652464,
            "mamba2_172m": 0.07263666921908296,
            "mamba2_432m": 0.09883722765126438,
            "xlstm_247m": 0.09427519938750427
        },
        "x_0": 0.32975034539132,
        "L_0": 0.0
    },
    "3": {
        "alphas": {
            "gpt2_124m": 0.0890669222264993,
            "gpt2_209m": 0.09242030590396204,
            "gpt2_355m": 0.09925076336712685,
            "mamba2_172m": 0.07062962574414303,
            "mamba2_432m": 0.09317558841938788,
            "xlstm_247m": 0.09056769355557928
        },
        "x_0": 0.29633186381833126,
        "L_0": 0.0
    },
    "4": {
        "alphas": {
            "gpt2_124m": 0.07993158573895247,
            "gpt2_209m": 0.08524040611754022,
            "gpt2_355m": 0.09043799959783096,
            "mamba2_172m": 0.06924058021769246,
            "mamba2_432m": 0.0900511799534235,
            "xlstm_247m": 0.07981632230102356
        },
        "x_0": 0.278309176833063,
        "L_0": 0.0
    },
    "5": {
        "alphas": {
            "gpt2_124m": 0.08939254120602012,
            "gpt2_209m": 0.09485542993303682,
            "gpt2_355m": 0.09535861520356446,
            "mamba2_172m": 0.08300296599356864,
            "mamba2_432m": 0.09305699009768353,
            "xlstm_247m": 0.0902692085898926
        },
        "x_0": 0.30125469368235486,
        "L_0": 0.0
    },
    "6": {
        "alphas": {
            "gpt2_124m": 0.08700008749932674,
            "gpt2_209m": 0.09285245943062316,
            "gpt2_355m": 0.09577824005955123,
            "mamba2_172m": 0.07998887350553632,
            "mamba2_432m": 0.09336784117872632,
            "xlstm_247m": 0.08791535490245478
        },
        "x_0": 0.29328924174392723,
        "L_0": 0.0
    },
    "7": {
        "alphas": {
            "gpt2_124m": 0.07834837406016278,
            "gpt2_209m": 0.08330174183635039,
            "gpt2_355m": 0.0875804305142981,
            "mamba2_172m": 0.07453071659127697,
            "mamba2_432m": 0.08284691014262742,
            "xlstm_247m": 0.08405087971490258
        },
        "x_0": 0.2537751069913452,
        "L_0": 0.0
    },
    "8": {
        "alphas": {
            "gpt2_124m": 0.08120850102523261,
            "gpt2_209m": 0.08524870020000422,
            "gpt2_355m": 0.09129888886701014,
            "mamba2_172m": 0.08301869317565073,
            "mamba2_432m": 0.09205886356079805,
            "xlstm_247m": 0.08317329699452093
        },
        "x_0": 0.28090827085742115,
        "L_0": 0.0
    },
    "9": {
        "alphas": {
            "gpt2_124m": 0.0817603057261363,
            "gpt2_209m": 0.09165730919432681,
            "gpt2_355m": 0.09055254382468535,
            "mamba2_172m": 0.0821483207248404,
            "mamba2_432m": 0.08920015001878605,
            "xlstm_247m": 0.08795224803517035
        },
        "x_0": 0.2752711892094217,
        "L_0": 0.0
    },
    "10": {
        "alphas": {
            "gpt2_124m": 0.07617122511175153,
            "gpt2_209m": 0.08269832267043464,
            "gpt2_355m": 0.08976722442294072,
            "mamba2_172m": 0.08327106532700439,
            "mamba2_432m": 0.08782051561648392,
            "xlstm_247m": 0.08146870439415176
        },
        "x_0": 0.27055360903755676,
        "L_0": 0.0
    },
    "11": {
        "alphas": {
            "gpt2_124m": 0.07447592010348297,
            "gpt2_209m": 0.08420807461014203,
            "gpt2_355m": 0.08651597010654175,
            "mamba2_172m": 0.0845618194255196,
            "mamba2_432m": 0.08284651721774342,
            "xlstm_247m": 0.08333178477865423
        },
        "x_0": 0.25324337690880977,
        "L_0": 0.0
    },
    "12": {
        "alphas": {
            "gpt2_124m": 0.07604605831559103,
            "gpt2_209m": 0.08265232007683523,
            "gpt2_355m": 0.08754778969779473,
            "mamba2_172m": 0.08395869688404879,
            "mamba2_432m": 0.08989444945339996,
            "xlstm_247m": 0.08208949863605663
        },
        "x_0": 0.26557357304444773,
        "L_0": 0.0
    },
    "13": {
        "alphas": {
            "gpt2_124m": 0.07617773004244716,
            "gpt2_209m": 0.0839284661197033,
            "gpt2_355m": 0.08615041647257833,
            "mamba2_172m": 0.08219214249685046,
            "mamba2_432m": 0.08743201726313789,
            "xlstm_247m": 0.0836961064978623
        },
        "x_0": 0.2791777906815668,
        "L_0": 0.0
    },
    "14": {
        "alphas": {
            "gpt2_124m": 0.07829095955580974,
            "gpt2_209m": 0.08550884767601177,
            "gpt2_355m": 0.09108398274017028,
            "mamba2_172m": 0.08713606399996172,
            "mamba2_432m": 0.0885145632663482,
            "xlstm_247m": 0.0841245052812998
        },
        "x_0": 0.27769345866537315,
        "L_0": 0.0
    },
    "15": {
        "alphas": {
            "gpt2_124m": 0.07390337652249385,
            "gpt2_209m": 0.0822801271569103,
            "gpt2_355m": 0.08683871780768854,
            "mamba2_172m": 0.08207734746292777,
            "mamba2_432m": 0.08788263304641974,
            "xlstm_247m": 0.08502368970212391
        },
        "x_0": 0.2708952988733646,
        "L_0": 0.0
    },
    "16": {
        "alphas": {
            "gpt2_124m": 0.07445932769832829,
            "gpt2_209m": 0.08509402835491905,
            "gpt2_355m": 0.09094545218018271,
            "mamba2_172m": 0.08471320763227437,
            "mamba2_432m": 0.09010446691743325,
            "xlstm_247m": 0.08794924028103066
        },
        "x_0": 0.2814447724388038,
        "L_0": 0.0
    },
    "17": {
        "alphas": {
            "gpt2_124m": 0.0770515542401246,
            "gpt2_209m": 0.08679748134099242,
            "gpt2_355m": 0.09116268264959294,
            "mamba2_172m": 0.08640777269252163,
            "mamba2_432m": 0.08980775890576963,
            "xlstm_247m": 0.08566505558061661
        },
        "x_0": 0.2643369649124857,
        "L_0": 0.0
    },
    "18": {
        "alphas": {
            "gpt2_124m": 0.07669686551472794,
            "gpt2_209m": 0.08478905930679824,
            "gpt2_355m": 0.09240178478264702,
            "mamba2_172m": 0.08174851252245048,
            "mamba2_432m": 0.09234295966117269,
            "xlstm_247m": 0.08501774113983816
        },
        "x_0": 0.2607910130470298,
        "L_0": 0.0
    },
    "19": {
        "alphas": {
            "gpt2_124m": 0.07569393241962431,
            "gpt2_209m": 0.08378285175218517,
            "gpt2_355m": 0.0896769401322907,
            "mamba2_172m": 0.08005980792431366,
            "mamba2_432m": 0.09118171929200089,
            "xlstm_247m": 0.08066206738097911
        },
        "x_0": 0.26318000719316587,
        "L_0": 0.0
    },
    "20": {
        "alphas": {
            "gpt2_124m": 0.07967939412327284,
            "gpt2_209m": 0.0874461678622216,
            "gpt2_355m": 0.09203475623029916,
            "mamba2_172m": 0.08630586255876364,
            "mamba2_432m": 0.09790642908372582,
            "xlstm_247m": 0.08833865901600721
        },