{
    "Accuracy": {
        "0.8_8_0.2": {
            "gpt2_209m": {
                "on_split": 0.224,
                "total": 0.280817488035183
            },
            "gpt2_355m": {
                "on_split": 0.251,
                "total": 0.30487647134911394
            },
            "mamba2_172m": {
                "on_split": 0.248,
                "total": 0.2865088604320269
            },
            "mamba2_432m": {
                "on_split": 0.275,
                "total": 0.3213038416763679
            },
            "xlstm_247m": {
                "on_split": 0.23,
                "total": 0.28120553615314964
            },
            "xlstm_406m": {
                "on_split": 0.253,
                "total": 0.30759280817488033
            },
            "llama_208m": {
                "on_split": 0.261,
                "total": 0.3108265424912689
            },
            "llama_360m": {
                "on_split": 0.283,
                "total": 0.3440693312637434
            }
        },
        "0.2_8_0.8": {
            "gpt2_209m": {
                "on_split": 0.326,
                "total": 0.280817488035183
            },
            "gpt2_355m": {
                "on_split": 0.377,
                "total": 0.30487647134911394
            },
            "mamba2_172m": {
                "on_split": 0.331,
                "total": 0.2865088604320269
            },
            "mamba2_432m": {
                "on_split": 0.366,
                "total": 0.3213038416763679
            },
            "xlstm_247m": {
                "on_split": 0.329,
                "total": 0.28120553615314964
            },
            "xlstm_406m": {
                "on_split": 0.36,
                "total": 0.30759280817488033
            },
            "llama_208m": {
                "on_split": 0.373,
                "total": 0.3108265424912689
            },
            "llama_360m": {
                "on_split": 0.408,
                "total": 0.3440693312637434
            }
        }
    },
    "WASB": {
        "0.8_8_0.2": {
            "gpt2_209m": {
                "on_split": 0.2258839122783462,
                "total": 0.21850986775819833
            },
            "gpt2_355m": {
                "on_split": 0.24084164869822283,
                "total": 0.24032874500797205
            },
            "mamba2_172m": {
                "on_split": 0.24539557819701852,
                "total": 0.22965220409231096
            },
            "mamba2_432m": {
                "on_split": 0.2780126089403445,
                "total": 0.26236920291830307
            },
            "xlstm_247m": {
                "on_split": 0.2289660766499938,
                "total": 0.21791785891800347
            },
            "xlstm_406m": {
                "on_split": 0.25053651281728384,
                "total": 0.24253638742132502
            },
            "llama_208m": {
                "on_split": 0.2554400765899061,
                "total": 0.24183835773851492
            },
            "llama_360m": {
                "on_split": 0.27949292701156053,
                "total": 0.2796988044230999
            }
        },
        "0.2_8_0.8": {
            "gpt2_209m": {
                "on_split": 0.1873204627603191,
                "total": 0.21850986775819833
            },
            "gpt2_355m": {
                "on_split": 0.24311133245538658,
                "total": 0.24032874500797205
            },
            "mamba2_172m": {
                "on_split": 0.20947384137917224,
                "total": 0.22965220409231096
            },
            "mamba2_432m": {
                "on_split": 0.23198324346889904,
                "total": 0.26236920291830307
            },
            "xlstm_247m": {
                "on_split": 0.19371588590211822,
                "total": 0.21791785891800347
            },
            "xlstm_406m": {
                "on_split": 0.2365357880344307,
                "total": 0.24253638742132502
            },
            "llama_208m": {
                "on_split": 0.2610905131708973,
                "total": 0.24183835773851492
            },
            "llama_360m": {
                "on_split": 0.2934391391656037,
                "total": 0.2796988044230999
            }
        }
    },
    "WAF": {
        "0.8_8_0.2": {
            "gpt2_209m": {
                "on_split": 0.19034126492492015,
                "total": 0.21807265384443508
            },
            "gpt2_355m": {
                "on_split": 0.21240386070695177,
                "total": 0.23967280093102078
            },
            "mamba2_172m": {
                "on_split": 0.21142313168185908,
                "total": 0.2300282817549424
            },
            "mamba2_432m": {
                "on_split": 0.24455567623334165,
                "total": 0.25983868958793627
            },
            "xlstm_247m": {
                "on_split": 0.19471591300086077,
                "total": 0.21656791911569243
            },
            "xlstm_406m": {
                "on_split": 0.21485065571475723,
                "total": 0.23955582604546252
            },
            "llama_208m": {
                "on_split": 0.21732602199209217,
                "total": 0.2405964090461677
            },
            "llama_360m": {
                "on_split": 0.2499268987484072,
                "total": 0.2771837576838468
            }
        },
        "0.2_8_0.8": {
            "gpt2_209m": {
                "on_split": 0.22757947742563134,
                "total": 0.21807265384443508
            },
            "gpt2_355m": {
                "on_split": 0.2631316351153737,
                "total": 0.23967280093102078
            },
            "mamba2_172m": {
                "on_split": 0.2333607715058463,
                "total": 0.2300282817549424
            },
            "mamba2_432m": {
                "on_split": 0.26751541286775804,
                "total": 0.25983868958793627
            },
            "xlstm_247m": {
                "on_split": 0.22639861852917795,
                "total": 0.21656791911569243
            },
            "xlstm_406m": {
                "on_split": 0.2490533590523799,
                "total": 0.23955582604546252
            },
            "llama_208m": {
                "on_split": 0.27130137924872266,
                "total": 0.2405964090461677
            },
            "llama_360m": {
                "on_split": 0.3089630800820359,
                "total": 0.2771837576838468
            }
        }
    },
    "α": {
        "0.8_8_0.2": {
            "gpt2_209m": {
                "on_split": 0.08710604651498904,
                "total": 0.08430039317718394
            },
            "gpt2_355m": {
                "on_split": 0.10431254027121488,
                "total": 0.09810467693283063
            },
            "mamba2_172m": {
                "on_split": 0.10455894679594875,
                "total": 0.0869815947208172
            },
            "mamba2_432m": {
                "on_split": 0.12142356637314664,
                "total": 0.10639820113451709
            },
            "xlstm_247m": {
                "on_split": 0.0889932985430105,
                "total": 0.08668778001473744
            },
            "xlstm_406m": {
                "on_split": 0.10301231572469666,
                "total": 0.10020137912743446
            },
            "llama_208m": {
                "on_split": 0.12243184292350079,
                "total": 0.1034825812259786
            },
            "llama_360m": {
                "on_split": 0.13591032534366596,
                "total": 0.12063013213946207
            }
        },
        "0.2_8_0.8": {
            "gpt2_209m": {
                "on_split": 0.08991892687604766,
                "total": 0.08430039317718394
            },
            "gpt2_355m": {
                "on_split": 0.11247827729174055,