{
    "Accuracy": {
        "0.8_64_0.2": {
            "gpt2_209m": {
                "on_split": 0.207,
                "total": 0.1621370612963144
            },
            "gpt2_355m": {
                "on_split": 0.228,
                "total": 0.17753446084661256
            },
            "mamba2_172m": {
                "on_split": 0.211,
                "total": 0.1611838889432007
            },
            "mamba2_432m": {
                "on_split": 0.249,
                "total": 0.18557532505621274
            },
            "xlstm_247m": {
                "on_split": 0.213,
                "total": 0.1568090722455763
            },
            "xlstm_406m": {
                "on_split": 0.226,
                "total": 0.1732574054159742
            },
            "llama_208m": {
                "on_split": 0.23,
                "total": 0.1824714048294066
            },
            "llama_360m": {
                "on_split": 0.255,
                "total": 0.2014859712581875
            }
        },
        "0.2_64_0.8": {
            "gpt2_209m": {
                "on_split": 0.415,
                "total": 0.1621370612963144
            },
            "gpt2_355m": {
                "on_split": 0.438,
                "total": 0.17753446084661256
            },
            "mamba2_172m": {
                "on_split": 0.398,
                "total": 0.1611838889432007
            },
            "mamba2_432m": {
                "on_split": 0.435,
                "total": 0.18557532505621274
            },
            "xlstm_247m": {
                "on_split": 0.406,
                "total": 0.1568090722455763
            },
            "xlstm_406m": {
                "on_split": 0.45,
                "total": 0.1732574054159742
            },
            "llama_208m": {
                "on_split": 0.459,
                "total": 0.1824714048294066
            },
            "llama_360m": {
                "on_split": 0.482,
                "total": 0.2014859712581875
            }
        }
    },
    "WASB": {
        "0.8_64_0.2": {
            "gpt2_209m": {
                "on_split": 0.1539163575356018,
                "total": 0.16042355882081996
            },
            "gpt2_355m": {
                "on_split": 0.1582754103873097,
                "total": 0.17593416618240415
            },
            "mamba2_172m": {
                "on_split": 0.1431965484422018,
                "total": 0.16103855579487275
            },
            "mamba2_432m": {
                "on_split": 0.17694801380249067,
                "total": 0.1865506550311662
            },
            "xlstm_247m": {
                "on_split": 0.1447432256250737,
                "total": 0.15617510822021577
            },
            "xlstm_406m": {
                "on_split": 0.16660283098430703,
                "total": 0.17090750639786434
            },
            "llama_208m": {
                "on_split": 0.16999845421314141,
                "total": 0.18072317746771158
            },
            "llama_360m": {
                "on_split": 0.1899958928723472,
                "total": 0.20110719458388324
            }
        },
        "0.2_64_0.8": {
            "gpt2_209m": {
                "on_split": 0.19661948074909125,
                "total": 0.16042355882081996
            },
            "gpt2_355m": {
                "on_split": 0.1909294013977792,
                "total": 0.17593416618240415
            },
            "mamba2_172m": {
                "on_split": 0.192631510599433,
                "total": 0.16103855579487275
            },
            "mamba2_432m": {
                "on_split": 0.17262316092762525,
                "total": 0.1865506550311662
            },
            "xlstm_247m": {
                "on_split": 0.12850462228371712,
                "total": 0.15617510822021577
            },
            "xlstm_406m": {
                "on_split": 0.18086666345995364,
                "total": 0.17090750639786434
            },
            "llama_208m": {
                "on_split": 0.1568619617492475,
                "total": 0.18072317746771158
            },
            "llama_360m": {
                "on_split": 0.19282471596702516,
                "total": 0.20110719458388324
            }
        }
    },
    "WAF": {
        "0.8_64_0.2": {
            "gpt2_209m": {
                "on_split": 0.14938575003747628,
                "total": 0.14886388634033765
            },
            "gpt2_355m": {
                "on_split": 0.15420005460423847,
                "total": 0.16265913609045976
            },
            "mamba2_172m": {
                "on_split": 0.13532940759985068,
                "total": 0.1495906944590839
            },
            "mamba2_432m": {
                "on_split": 0.16299739992747,
                "total": 0.17326312194270405
            },
            "xlstm_247m": {
                "on_split": 0.1388002944001642,
                "total": 0.1435274090225542
            },
            "xlstm_406m": {
                "on_split": 0.16410693878567234,
                "total": 0.15765062833959512
            },
            "llama_208m": {
                "on_split": 0.1641551194922937,
                "total": 0.16635362517039082
            },
            "llama_360m": {
                "on_split": 0.18430808010406355,
                "total": 0.18621065520569935
            }
        },
        "0.2_64_0.8": {
            "gpt2_209m": {
                "on_split": 0.1930434936678379,
                "total": 0.14886388634033765
            },
            "gpt2_355m": {
                "on_split": 0.19219379858067026,
                "total": 0.16265913609045976
            },
            "mamba2_172m": {
                "on_split": 0.18539713480577769,
                "total": 0.1495906944590839
            },
            "mamba2_432m": {
                "on_split": 0.16822697586505087,
                "total": 0.17326312194270405
            },
            "xlstm_247m": {
                "on_split": 0.1213128521390817,
                "total": 0.1435274090225542
            },
            "xlstm_406m": {
                "on_split": 0.1912713326715095,
                "total": 0.15765062833959512
            },
            "llama_208m": {
                "on_split": 0.1540724768831024,
                "total": 0.16635362517039082
            },
            "llama_360m": {
                "on_split": 0.20295804757012023,
                "total": 0.18621065520569935
            }
        }
    },
    "α": {
        "0.8_64_0.2": {
            "gpt2_209m": {
                "on_split": 0.06450986676254472,
                "total": 0.06435028211049516
            },
            "gpt2_355m": {
                "on_split": 0.07889042308888032,
                "total": 0.07447869127647044
            },
            "mamba2_172m": {
                "on_split": 0.06905040098708624,
                "total": 0.0644633774976078
            },
            "mamba2_432m": {
                "on_split": 0.09028283198129512,
                "total": 0.08068390103657273
            },
            "xlstm_247m": {
                "on_split": 0.07403664383297104,
                "total": 0.06466930349167234
            },
            "xlstm_406m": {
                "on_split": 0.07951995505950639,
                "total": 0.07318099506762972
            },
            "llama_208m": {
                "on_split": 0.08461437833860633,
                "total": 0.07948552697704424
            },
            "llama_360m": {
                "on_split": 0.09352743877812686,
                "total": 0.0918943519049455
            }
        },
        "0.2_64_0.8": {
            "gpt2_209m": {
                "on_split": 0.09564287358228464,
                "total": 0.06435028211049516
            },
            "gpt2_355m": {
                "on_split": 0.1040671823185743,