{
    "all_slices": {
        "alphas": {
            "gpt2_124m": 0.06162454206973459,
            "gpt2_209m": 0.06902898311224566,
            "gpt2_355m": 0.07449011958622624,
            "mamba2_172m": 0.06680515490471162,
            "mamba2_432m": 0.07682356265865242,
            "xlstm_247m": 0.06705734748458529
        },
        "x_0": 0.35884841251682065,
        "L_0": 0.0
    }
}