{
    "0": {
        "alphas": {
            "gpt2_124m": 0.06816108695203098,
            "gpt2_209m": 0.06957445831488757,
            "gpt2_355m": 0.07387432070684485,
            "mamba2_172m": 0.06181421604845068,
            "mamba2_432m": 0.0714478522237084,
            "xlstm_247m": 0.0671025853716754
        },
        "x_0": 0.4768617227826578,
        "L_0": 0.0
    },
    "1": {
        "alphas": {
            "gpt2_124m": 0.07287585281316131,
            "gpt2_209m": 0.07475928841048733,
            "gpt2_355m": 0.07797898927391807,
            "mamba2_172m": 0.05662023433118992,
            "mamba2_432m": 0.081498930869266,
            "xlstm_247m": 0.07043632348297468
        },
        "x_0": 0.4567357306492104,
        "L_0": 0.0
    },
    "2": {
        "alphas": {
            "gpt2_124m": 0.07170521358251228,
            "gpt2_209m": 0.07403070811900964,
            "gpt2_355m": 0.07934272279244334,
            "mamba2_172m": 0.05785472618569786,
            "mamba2_432m": 0.07961369919385979,
            "xlstm_247m": 0.07465393667697612
        },
        "x_0": 0.44150895152898256,
        "L_0": 0.0
    },
    "3": {
        "alphas": {
            "gpt2_124m": 0.0665681422214313,
            "gpt2_209m": 0.07088372578949613,
            "gpt2_355m": 0.07483430995619499,
            "mamba2_172m": 0.05438229854119279,
            "mamba2_432m": 0.07516744276457915,
            "xlstm_247m": 0.06874709701635456
        },
        "x_0": 0.39706413097660553,
        "L_0": 0.0
    },
    "4": {
        "alphas": {
            "gpt2_124m": 0.05661430321339199,
            "gpt2_209m": 0.06323064166332021,
            "gpt2_355m": 0.06739859293706366,
            "mamba2_172m": 0.0520303071119045,
            "mamba2_432m": 0.0699255283734989,
            "xlstm_247m": 0.0598421722817916
        },
        "x_0": 0.3483548313311804,
        "L_0": 0.0
    },
    "5": {
        "alphas": {
            "gpt2_124m": 0.06432285088978658,
            "gpt2_209m": 0.06968106131227962,
            "gpt2_355m": 0.0705566561329523,
            "mamba2_172m": 0.05940188613733577,
            "mamba2_432m": 0.07160845969822906,
            "xlstm_247m": 0.06593717610120443
        },
        "x_0": 0.3722555557319526,
        "L_0": 0.0
    },
    "6": {
        "alphas": {
            "gpt2_124m": 0.06194614311341535,
            "gpt2_209m": 0.06703563042590689,
            "gpt2_355m": 0.07106219138188227,
            "mamba2_172m": 0.061006599192414704,
            "mamba2_432m": 0.07075497634725804,
            "xlstm_247m": 0.0663981897449046
        },
        "x_0": 0.3513519664691664,
        "L_0": 0.0
    },
    "7": {
        "alphas": {
            "gpt2_124m": 0.05902954212804152,
            "gpt2_209m": 0.06544769771173814,
            "gpt2_355m": 0.0671148836354096,
            "mamba2_172m": 0.05791027213993371,
            "mamba2_432m": 0.06742531483694081,
            "xlstm_247m": 0.06453164183202283
        },
        "x_0": 0.34734482688069385,
        "L_0": 0.0
    },
    "8": {
        "alphas": {
            "gpt2_124m": 0.06082162009392193,
            "gpt2_209m": 0.06476586557619085,
            "gpt2_355m": 0.06990505834232602,
            "mamba2_172m": 0.06363351084679823,
            "mamba2_432m": 0.07121502113058122,
            "xlstm_247m": 0.06393498267525423
        },
        "x_0": 0.35271641186969366,
        "L_0": 0.0
    },
    "9": {
        "alphas": {
            "gpt2_124m": 0.06283051070645057,
            "gpt2_209m": 0.07170505409447143,
            "gpt2_355m": 0.07113694612772167,
            "mamba2_172m": 0.06596259707351756,
            "mamba2_432m": 0.07083243290934113,
            "xlstm_247m": 0.06820102598865983
        },
        "x_0": 0.36436499416943285,
        "L_0": 0.0
    },
    "10": {
        "alphas": {
            "gpt2_124m": 0.057651038711390254,
            "gpt2_209m": 0.06542011005341289,
            "gpt2_355m": 0.07032189376493171,
            "mamba2_172m": 0.06646192936903164,
            "mamba2_432m": 0.07010318722723329,
            "xlstm_247m": 0.06036388259776228
        },
        "x_0": 0.36292773036578463,
        "L_0": 0.0
    },
    "11": {
        "alphas": {
            "gpt2_124m": 0.058257904066809654,
            "gpt2_209m": 0.06479605664609171,
            "gpt2_355m": 0.0688098738947502,
            "mamba2_172m": 0.06630939477090543,
            "mamba2_432m": 0.06761721211062419,
            "xlstm_247m": 0.0645346790024364
        },
        "x_0": 0.345487762857346,
        "L_0": 0.0
    },
    "12": {
        "alphas": {
            "gpt2_124m": 0.05592179754324962,
            "gpt2_209m": 0.06352201920677203,
            "gpt2_355m": 0.06752486079684901,
            "mamba2_172m": 0.06308634164315566,
            "mamba2_432m": 0.0691811096410745,
            "xlstm_247m": 0.06079730737634587
        },
        "x_0": 0.3370830072244267,
        "L_0": 0.0
    },
    "13": {
        "alphas": {
            "gpt2_124m": 0.0564597229744737,
            "gpt2_209m": 0.06599894566202041,
            "gpt2_355m": 0.06634483749559614,
            "mamba2_172m": 0.06500551718698175,
            "mamba2_432m": 0.07051619152717585,
            "xlstm_247m": 0.06342278429658849
        },
        "x_0": 0.3443223643246457,
        "L_0": 0.0
    },
    "14": {
        "alphas": {
            "gpt2_124m": 0.05686553075331356,
            "gpt2_209m": 0.06656425232626219,
            "gpt2_355m": 0.07070635486308138,
            "mamba2_172m": 0.06541749037866017,
            "mamba2_432m": 0.06839788001001472,
            "xlstm_247m": 0.06462606620036968
        },
        "x_0": 0.3420287934657069,
        "L_0": 0.0
    },
    "15": {
        "alphas": {
            "gpt2_124m": 0.05582068936487931,
            "gpt2_209m": 0.06240860787440729,
            "gpt2_355m": 0.06584387848600629,
            "mamba2_172m": 0.06280399052908389,
            "mamba2_432m": 0.06861575527972766,
            "xlstm_247m": 0.06334527050364888
        },
        "x_0": 0.3410572052658994,
        "L_0": 0.0
    },
    "16": {
        "alphas": {
            "gpt2_124m": 0.05591147258207644,
            "gpt2_209m": 0.06405094565475987,
            "gpt2_355m": 0.06801882331545822,
            "mamba2_172m": 0.06398059773398417,
            "mamba2_432m": 0.0695307696179188,
            "xlstm_247m": 0.06477699094060399
        },
        "x_0": 0.34146090753535824,
        "L_0": 0.0
    },
    "17": {
        "alphas": {
            "gpt2_124m": 0.05754988137203402,
            "gpt2_209m": 0.06559893489270371,
            "gpt2_355m": 0.06878869253307493,
            "mamba2_172m": 0.06579987430013316,
            "mamba2_432m": 0.07078931272415964,
            "xlstm_247m": 0.06345148317769746
        },
        "x_0": 0.32650368890901255,
        "L_0": 0.0
    },
    "18": {
        "alphas": {
            "gpt2_124m": 0.05727147097805503,
            "gpt2_209m": 0.06579543716341012,
            "gpt2_355m": 0.07186676873209834,
            "mamba2_172m": 0.06398129725586159,
            "mamba2_432m": 0.07085752154677401,
            "xlstm_247m": 0.0644739170436898
        },
        "x_0": 0.32772181916335685,
        "L_0": 0.0
    },
    "19": {
        "alphas": {
            "gpt2_124m": 0.059140340944482235,
            "gpt2_209m": 0.06513970614933404,
            "gpt2_355m": 0.07135915177608487,
            "mamba2_172m": 0.06397047676473783,
            "mamba2_432m": 0.07238567272960181,
            "xlstm_247m": 0.06256336735303834
        },
        "x_0": 0.34599949470593194,
        "L_0": 0.0
    },
    "20": {
        "alphas": {
            "gpt2_124m": 0.059717159064738394,
            "gpt2_209m": 0.06665942949983207,
            "gpt2_355m": 0.07080651866154945,
            "mamba2_172m": 0.06525008871195957,
            "mamba2_432m": 0.07373772759340355,
            "xlstm_247m": 0.06573592505300772
        },